address,name,online_order,book_table,rate,votes,phone,location,rest_type,dish_liked,cuisines,cost_two_people,reviews_list,cuisines_count,service_type,city_location
"Address_874, Bangalore",KFC,No,Yes,3.8,2005,080-1914394,Indiranagar,Bakery,Biryani,"Chinese, Desserts, Mexican, Thai",600,Sample Review Text...,4,Delivery,Bengaluru
"Address_511, Bangalore",Resto_511,No,No,3.4,1731,080-2396415,MG Road,Bar,Dosa,"Desserts, North Indian",1500,Sample Review Text...,2,Buffet,Bengaluru
"Address_656, Bangalore",Empire Restaurant,Yes,No,4.7,1177,080-4996784,unknown,Bakery,Pasta,"Beverages, Chinese, Continental, Fast Food, Italian",2000,Sample Review Text...,5,Delivery,Bengaluru
"Address_96, Bangalore",Pizza Hut,Yes,Yes,3.2,2101,080-4959345,Jayanagar,Casual Dining,Sushi,"Desserts, Fast Food",200,Sample Review Text...,2,Drinks & nightlife,Bengaluru
"Address_759, Bangalore",Resto_759,Yes,Yes,4.7,665,080-5449004,Koramangala,Bakery,Sushi,"Continental, Mexican",1200,Sample Review Text...,2,Delivery,Bengaluru
"Address_109, Bangalore",Resto_109,No,No,2.8,2552,080-6688907,Indiranagar,Cafe,Sushi,Mexican,1200,Sample Review Text...,1,Dine-out,Bengaluru
"Address_708, Bangalore",Pizza Hut,No,No,3.2,164,080-1479076,HSR Layout,Bar,Pasta,"Beverages, Chinese, Desserts, Mexican, South Indian",3000,Sample Review Text...,5,Buffet,Bengaluru
"Address_758, Bangalore",Resto_758,Yes,Yes,2.4,637,080-7960470,Jayanagar,Fine Dining,Pasta,"Fast Food, Italian, Mexican, North Indian",1000,Sample Review Text...,4,Cafes,Bengaluru
"Address_963, Bangalore",Pizza Hut,No,No,3.5,1760,080-9799517,Jayanagar,Bakery,Dosa,"Beverages, Chinese, Continental, Desserts, Italian",600,Sample Review Text...,5,Drinks & nightlife,Bengaluru
"Address_435, Bangalore",Empire Restaurant,No,Yes,3.5,2686,080-7626953,Marathahalli,Bakery,Dosa,"Beverages, Continental, Desserts, Fast Food",3000,Sample Review Text...,4,Delivery,Bengaluru
"Address_642, Bangalore",Resto_642,No,Yes,3.5,298,080-8541520,Marathahalli,Bar,Steak,"Fast Food, North Indian, South Indian",1200,Sample Review Text...,3,Dine-out,Bengaluru
"Address_745, Bangalore",Burger King,Yes,No,4.3,1871,080-1397267,Whitefield,Casual Dining,Sushi,"Continental, Italian",1000,Sample Review Text...,2,Cafes,Bengaluru
"Address_867, Bangalore",Burger King,No,Yes,3.2,1768,080-4770193,Koramangala,Bar,Pasta,"Italian, Mexican, North Indian",1200,Sample Review Text...,3,Cafes,Bengaluru
"Address_980, Bangalore",Nandhana Palace,No,No,2.2,1850,080-3378560,HSR Layout,Fine Dining,Salad,"Chinese, Desserts, Mexican",2500,Sample Review Text...,3,Pubs and bars,Bengaluru
"Address_649, Bangalore",Resto_649,Yes,No,4.1,2263,080-2939164,Marathahalli,Casual Dining,Salad,"Fast Food, Mexican, South Indian, Thai",1500,Sample Review Text...,4,Delivery,Bengaluru
"Address_737, Bangalore",Resto_737,Yes,Yes,3.3,2615,080-6528345,Koramangala,Bar,Pizza,"Desserts, Fast Food, Italian, North Indian, Thai",1500,Sample Review Text...,5,Drinks & nightlife,Bengaluru
"Address_150, Bangalore",Resto_150,Yes,No,4.2,2285,080-9099554,HSR Layout,Bakery,Pizza,"Desserts, Mexican, South Indian",1200,Sample Review Text...,3,Drinks & nightlife,Bengaluru
"Address_59, Bangalore",KFC,No,Yes,3.8,2776,080-1559763,Jayanagar,Fine Dining,Sushi,North Indian,1000,Sample Review Text...,1,Pubs and bars,Bengaluru
"Address_149, Bangalore",Burger King,No,Yes,3,2199,080-7704473,Indiranagar,Casual Dining,Sushi,"South Indian, Thai",3000,Sample Review Text...,2,Cafes,Bengaluru
"Address_168, Bangalore",KFC,Yes,No,2.2,980,080-2191383,Marathahalli,Bakery,Biryani,Italian,2000,Sample Review Text...,1,Drinks & nightlife,Bengaluru
"Address_456, Bangalore",Nandhana Palace,Yes,No,2.9,1852,080-8534223,unknown,Bar,Pasta,"Beverages, Continental, Desserts, South Indian",2000,Sample Review Text...,4,Pubs and bars,Bengaluru
"Address_870, Bangalore",Resto_870,No,No,3.8,257,080-6438575,Whitefield,Fine Dining,Burgers,"Continental, Fast Food, Italian",1200,Sample Review Text...,3,Buffet,Bengaluru
"Address_876, Bangalore",KFC,Yes,No,3,968,080-1292604,Jayanagar,Casual Dining,Pasta,"Chinese, Desserts, Fast Food, Italian, Thai",800,Sample Review Text...,5,Delivery,Bengaluru
"Address_774, Bangalore",Burger King,No,Yes,4.5,1147,080-9146156,Whitefield,Quick Service Restaurant,Burgers,"Continental, Mexican, North Indian, South Indian, Thai",200,Sample Review Text...,5,Buffet,Bengaluru
"Address_258, Bangalore",Burger King,No,Yes,3.5,29,080-6299951,Indiranagar,Pub,Steak,Mexican,800,Sample Review Text...,1,Drinks & nightlife,Bengaluru
"Address_372, Bangalore",Resto_372,Yes,No,4.2,2878,080-8095573,HSR Layout,Bar,Dosa,"Fast Food, Thai",1000,Sample Review Text...,2,Delivery,Bengaluru
"Address_1, Bangalore",Burger King,Yes,No,4.3,26,080-7374122,Jayanagar,Fine Dining,Pizza,"Chinese, Continental, South Indian, Thai",1200,Sample Review Text...,4,Drinks & nightlife,Bengaluru
"Address_366, Bangalore",Resto_366,No,Yes,2.1,2329,080-6764248,Koramangala,Quick Service Restaurant,Burgers,"Chinese, Desserts",2000,Sample Review Text...,2,Drinks & nightlife,Bengaluru
"Address_509, Bangalore",McDonald's,Yes,No,2.2,2013,080-3913796,Indiranagar,Cafe,Burgers,South Indian,800,Sample Review Text...,1,Dine-out,Bengaluru
"Address_744, Bangalore",Burger King,No,Yes,3.4,1243,080-7602542,JP Nagar,Cafe,Steak,"Beverages, Fast Food, Thai",2000,Sample Review Text...,3,Delivery,Bengaluru
"Address_277, Bangalore",Burger King,No,Yes,2.8,2566,080-8838205,Jayanagar,Cafe,Dosa,"Beverages, Fast Food, North Indian, South Indian, Thai",1200,Sample Review Text...,5,Buffet,Bengaluru
"Address_722, Bangalore",Resto_722,No,Yes,2.1,1329,080-8979292,HSR Layout,Casual Dining,Biryani,"Continental, Desserts, Fast Food, Mexican, Thai",1200,Sample Review Text...,5,Drinks & nightlife,Bengaluru
"Address_640, Bangalore",Leon Grill,No,No,2.2,2642,080-6840068,Marathahalli,Bakery,Steak,"Chinese, Continental, Fast Food, South Indian",1200,Sample Review Text...,4,Delivery,Bengaluru
"Address_535, Bangalore",Nandhana Palace,Yes,Yes,3.7,737,080-3704659,Koramangala,Pub,Pizza,"Beverages, Chinese, North Indian, Thai",3000,Sample Review Text...,4,Buffet,Bengaluru
"Address_538, Bangalore",KFC,No,No,3.8,304,080-3403234,Whitefield,Quick Service Restaurant,Burgers,"Desserts, Mexican, North Indian, South Indian",1000,Sample Review Text...,4,Delivery,Bengaluru
"Address_298, Bangalore",Nandhana Palace,Yes,Yes,3.8,221,080-6483324,Whitefield,Pub,Burgers,Thai,2500,Sample Review Text...,1,Dine-out,Bengaluru
"Address_367, Bangalore",Leon Grill,Yes,Yes,3.5,886,080-8285484,Marathahalli,Bar,Burgers,"Continental, Mexican, North Indian, Thai",800,Sample Review Text...,4,Buffet,Bengaluru
"Address_417, Bangalore",Resto_417,Yes,Yes,4.3,557,080-3647821,Koramangala,Bakery,Burgers,"Continental, Thai",3000,Sample Review Text...,2,Buffet,Bengaluru
"Address_350, Bangalore",Leon Grill,Yes,Yes,3.4,310,080-2046686,Marathahalli,Quick Service Restaurant,Steak,"Continental, Mexican, South Indian, Thai",400,Sample Review Text...,4,Cafes,Bengaluru
"Address_875, Bangalore",Resto_875,No,Yes,4.7,2812,080-6664086,MG Road,Cafe,Dosa,Fast Food,200,Sample Review Text...,1,Drinks & nightlife,Bengaluru
"Address_715, Bangalore",Resto_715,No,No,3.5,2678,080-2945459,MG Road,Bakery,Salad,Continental,1000,Sample Review Text...,1,Buffet,Bengaluru
"Address_175, Bangalore",Resto_175,No,No,3.7,489,080-8802985,Koramangala,Cafe,Dosa,"Beverages, North Indian",1500,Sample Review Text...,2,Drinks & nightlife,Bengaluru
"Address_338, Bangalore",KFC,No,No,4.1,1663,080-7044627,MG Road,Bakery,Steak,"Chinese, Desserts, Italian, Mexican, South Indian",1000,Sample Review Text...,5,Dine-out,Bengaluru
"Address_534, Bangalore",Burger King,No,Yes,3.5,260,080-9893395,Jayanagar,Bakery,Salad,Mexican,2500,Sample Review Text...,1,Delivery,Bengaluru
"Address_566, Bangalore",Resto_566,No,Yes,2.4,48,080-2402500,Indiranagar,Bakery,Dosa,"Chinese, Fast Food, Mexican, North Indian",200,Sample Review Text...,4,Dine-out,Bengaluru
"Address_865, Bangalore",Resto_865,Yes,No,3.5,245,080-9059592,Koramangala,Casual Dining,Burgers,"Beverages, Chinese, Continental, North Indian, South Indian",1200,Sample Review Text...,5,Dine-out,Bengaluru
"Address_974, Bangalore",Burger King,Yes,No,3.5,2579,080-9754480,Indiranagar,Bar,Burgers,"Desserts, Mexican, North Indian",600,Sample Review Text...,3,Buffet,Bengaluru
"Address_151, Bangalore",Nandhana Palace,Yes,Yes,3,847,080-2930810,Marathahalli,Quick Service Restaurant,Biryani,"Beverages, Chinese, Desserts, South Indian",400,Sample Review Text...,4,Drinks & nightlife,Bengaluru
"Address_580, Bangalore",Resto_580,Yes,Yes,2,1266,080-1752869,HSR Layout,Pub,Salad,"Italian, North Indian",1000,Sample Review Text...,2,Delivery,Bengaluru
"Address_609, Bangalore",Nandhana Palace,No,No,2.9,807,080-3871248,Koramangala,Bar,Sushi,"Continental, Desserts, Italian, North Indian",400,Sample Review Text...,4,Buffet,Bengaluru
"Address_886, Bangalore",Pizza Hut,No,Yes,4.1,2922,080-9220106,HSR Layout,Cafe,Steak,"Beverages, Chinese, Fast Food, Mexican, North Indian",1000,Sample Review Text...,5,Buffet,Bengaluru
"Address_39, Bangalore",Onesta,No,No,2.3,907,080-6767292,MG Road,Fine Dining,Steak,"Continental, Thai",2000,Sample Review Text...,2,Pubs and bars,Bengaluru
"Address_705, Bangalore",Leon Grill,Yes,No,3.6,2876,080-4535328,MG Road,Quick Service Restaurant,Dosa,"Continental, Italian, Thai",400,Sample Review Text...,3,Dine-out,Bengaluru
"Address_651, Bangalore",Resto_651,Yes,No,2.1,1432,080-2288554,HSR Layout,Quick Service Restaurant,Pizza,"Fast Food, Mexican",2000,Sample Review Text...,2,Drinks & nightlife,Bengaluru
"Address_174, Bangalore",Nandhana Palace,Yes,Yes,3.5,50,080-8035849,HSR Layout,Casual Dining,Burgers,"Chinese, Mexican, South Indian, Thai",200,Sample Review Text...,4,Drinks & nightlife,Bengaluru
"Address_944, Bangalore",Resto_944,Yes,Yes,3.4,402,080-2932023,Marathahalli,Bar,Dosa,"Beverages, Chinese, Fast Food, North Indian, Thai",1200,Sample Review Text...,5,Drinks & nightlife,Bengaluru
"Address_531, Bangalore",Resto_531,Yes,Yes,4.5,417,080-1880336,Jayanagar,Bakery,Pizza,"Chinese, Fast Food, North Indian, South Indian",2000,Sample Review Text...,4,Buffet,Bengaluru
"Address_329, Bangalore",Resto_329,No,No,3.9,1116,080-6343290,Jayanagar,Cafe,Dosa,"Chinese, Fast Food, North Indian",800,Sample Review Text...,3,Dine-out,Bengaluru
"Address_260, Bangalore",Onesta,No,No,4.2,1630,080-3714471,Jayanagar,Bar,Pizza,Italian,2000,Sample Review Text...,1,Dine-out,Bengaluru
"Address_191, Bangalore",Resto_191,Yes,Yes,2.4,318,080-4517918,HSR Layout,Quick Service Restaurant,Burgers,"Chinese, South Indian, Thai",2000,Sample Review Text...,3,Pubs and bars,Bengaluru
"Address_205, Bangalore",Pizza Hut,Yes,No,3.5,203,080-9611430,Jayanagar,Bar,Biryani,"Beverages, Chinese, Fast Food, Italian, Thai",1000,Sample Review Text...,5,Pubs and bars,Bengaluru
"Address_879, Bangalore",McDonald's,No,Yes,3.8,1811,080-4475080,HSR Layout,Quick Service Restaurant,Burgers,"Chinese, Mexican",600,Sample Review Text...,2,Drinks & nightlife,Bengaluru
"Address_606, Bangalore",Onesta,No,No,4.2,1305,080-1566398,Indiranagar,Pub,Dosa,"Italian, Mexican, South Indian, Thai",400,Sample Review Text...,4,Buffet,Bengaluru
"Address_470, Bangalore",Resto_470,Yes,Yes,3.7,933,080-8615616,Whitefield,Cafe,Biryani,Beverages,3000,Sample Review Text...,1,Cafes,Bengaluru
"Address_50, Bangalore",Burger King,Yes,Yes,4.6,1890,080-7970771,Indiranagar,Fine Dining,Salad,"Continental, Desserts",2500,Sample Review Text...,2,Cafes,Bengaluru
"Address_602, Bangalore",McDonald's,Yes,No,3.5,89,080-8564486,MG Road,Casual Dining,Pasta,"Beverages, Chinese, Italian, Mexican",1200,Sample Review Text...,4,Dine-out,Bengaluru
"Address_196, Bangalore",Pizza Hut,No,No,3.9,373,080-8377620,MG Road,Cafe,Salad,"Mexican, South Indian, Thai",2000,Sample Review Text...,3,Drinks & nightlife,Bengaluru
"Address_732, Bangalore",Resto_732,No,No,2.3,1075,080-5078015,Indiranagar,Fine Dining,Salad,"Mexican, Thai",1200,Sample Review Text...,2,Dine-out,Bengaluru
"Address_351, Bangalore",Resto_351,Yes,No,2.8,1804,080-2819161,Indiranagar,Bakery,Pasta,"Fast Food, Mexican",600,Sample Review Text...,2,Buffet,Bengaluru
"Address_128, Bangalore",Empire Restaurant,Yes,Yes,2.7,889,080-3403511,Koramangala,Cafe,Burgers,"Continental, Fast Food, Italian, Mexican, Thai",1200,Sample Review Text...,5,Cafes,Bengaluru
"Address_549, Bangalore",Resto_549,No,Yes,3.1,1492,080-8280643,MG Road,Cafe,Biryani,"Chinese, Continental, Desserts, Italian, Thai",600,Sample Review Text...,5,Drinks & nightlife,Bengaluru
"Address_308, Bangalore",Resto_308,Yes,Yes,2.9,2888,080-9941610,Jayanagar,Bakery,Pizza,"Fast Food, South Indian",1200,Sample Review Text...,2,Dine-out,Bengaluru
"Address_370, Bangalore",Empire Restaurant,Yes,No,3,133,080-6632022,Whitefield,Bakery,Biryani,"Beverages, Fast Food, Italian",400,Sample Review Text...,3,Buffet,Bengaluru
"Address_467, Bangalore",Onesta,No,Yes,3.9,317,080-3972698,Koramangala,Bar,Biryani,"Chinese, Desserts, Mexican, Thai",3000,Sample Review Text...,4,Delivery,Bengaluru
"Address_702, Bangalore",Nandhana Palace,No,Yes,3.5,370,080-1337345,Jayanagar,Fine Dining,Pasta,South Indian,1200,Sample Review Text...,1,Delivery,Bengaluru
"Address_248, Bangalore",Empire Restaurant,No,Yes,3.6,2226,080-5882155,Marathahalli,Fine Dining,Pasta,"Mexican, Thai",800,Sample Review Text...,2,Cafes,Bengaluru
"Address_284, Bangalore",Resto_284,Yes,No,3.3,137,080-6236326,HSR Layout,Bakery,Sushi,Beverages,800,Sample Review Text...,1,Dine-out,Bengaluru
"Address_57, Bangalore",Leon Grill,Yes,No,3.3,2731,080-6018975,Koramangala,Bar,Steak,"Beverages, Continental, North Indian, South Indian",2000,Sample Review Text...,4,Pubs and bars,Bengaluru
"Address_625, Bangalore",Resto_625,Yes,Yes,4.5,2700,080-4252130,Jayanagar,Quick Service Restaurant,Steak,"Italian, Mexican, North Indian, South Indian",800,Sample Review Text...,4,Pubs and bars,Bengaluru
"Address_856, Bangalore",Resto_856,Yes,Yes,4.8,1728,080-8189437,JP Nagar,Fine Dining,Salad,"Continental, Italian, North Indian, Thai",1200,Sample Review Text...,4,Pubs and bars,Bengaluru
"Address_166, Bangalore",Resto_166,No,Yes,4.4,545,080-3539636,Jayanagar,Casual Dining,Steak,"Desserts, Fast Food, Italian, North Indian, South Indian",800,Sample Review Text...,5,Buffet,Bengaluru
"Address_579, Bangalore",Resto_579,No,No,4.3,2648,080-6628280,MG Road,Cafe,Biryani,"Beverages, Chinese, Fast Food",1200,Sample Review Text...,3,Dine-out,Bengaluru
"Address_411, Bangalore",Resto_411,Yes,No,3.9,369,080-3024047,MG Road,Bar,Dosa,"Chinese, Italian",3000,Sample Review Text...,2,Cafes,Bengaluru
"Address_808, Bangalore",McDonald's,Yes,No,3.2,1852,080-9890863,Marathahalli,Bakery,Burgers,"Beverages, Desserts, Fast Food, Thai",1500,Sample Review Text...,4,Dine-out,Bengaluru
"Address_643, Bangalore",KFC,Yes,No,4,923,080-1406730,HSR Layout,Fine Dining,Pizza,"Beverages, Mexican",800,Sample Review Text...,2,Dine-out,Bengaluru
"Address_144, Bangalore",Resto_144,No,Yes,4.3,1577,080-7387623,Koramangala,Quick Service Restaurant,Pasta,"Chinese, Continental, Italian, Mexican",2500,Sample Review Text...,4,Dine-out,Bengaluru
"Address_494, Bangalore",Onesta,Yes,No,2.5,1682,080-2153651,MG Road,Cafe,Steak,South Indian,2500,Sample Review Text...,1,Dine-out,Bengaluru
"Address_789, Bangalore",Pizza Hut,No,Yes,3.2,928,080-9789034,JP Nagar,Fine Dining,Dosa,Thai,2000,Sample Review Text...,1,Delivery,Bengaluru
"Address_596, Bangalore",Nandhana Palace,No,Yes,4.5,867,080-6882321,HSR Layout,Bar,Salad,"Beverages, Chinese, Desserts, Mexican",2000,Sample Review Text...,4,Cafes,Bengaluru
"Address_246, Bangalore",Pizza Hut,Yes,No,4.8,690,080-3253277,Koramangala,Quick Service Restaurant,Sushi,"Italian, Mexican",1000,Sample Review Text...,2,Cafes,Bengaluru
"Address_288, Bangalore",Pizza Hut,No,Yes,3.6,1325,080-5418267,Marathahalli,Quick Service Restaurant,Sushi,"Beverages, Chinese, Continental, Desserts, South Indian",2000,Sample Review Text...,5,Cafes,Bengaluru
"Address_70, Bangalore",Resto_70,No,No,4,1942,080-7251976,Indiranagar,Casual Dining,Pasta,Chinese,1500,Sample Review Text...,1,Buffet,Bengaluru
"Address_782, Bangalore",KFC,Yes,Yes,4.8,2507,080-7704457,Marathahalli,Bar,Steak,"Beverages, Desserts, Italian, Mexican",600,Sample Review Text...,4,Pubs and bars,Bengaluru
"Address_206, Bangalore",Resto_206,Yes,Yes,2,1033,080-8829893,Whitefield,Fine Dining,Dosa,"Fast Food, Mexican, Thai",2000,Sample Review Text...,3,Pubs and bars,Bengaluru
"Address_811, Bangalore",KFC,Yes,No,2.7,534,080-1145436,Marathahalli,Quick Service Restaurant,Biryani,"Beverages, Desserts, Fast Food, North Indian, Thai",400,Sample Review Text...,5,Drinks & nightlife,Bengaluru
"Address_545, Bangalore",Nandhana Palace,No,Yes,4.6,29,080-9783147,MG Road,Fine Dining,Burgers,"Beverages, Continental, Italian, North Indian, Thai",600,Sample Review Text...,5,Dine-out,Bengaluru
"Address_33, Bangalore",Resto_33,No,No,4.4,1033,080-6871360,Indiranagar,Bakery,Burgers,Beverages,200,Sample Review Text...,1,Pubs and bars,Bengaluru
"Address_143, Bangalore",Leon Grill,No,No,2.3,1262,080-9597330,Marathahalli,Quick Service Restaurant,Steak,"Chinese, Fast Food, South Indian",600,Sample Review Text...,3,Delivery,Bengaluru
"Address_547, Bangalore",Pizza Hut,Yes,Yes,3.6,890,080-6512184,Whitefield,Fine Dining,Dosa,"Beverages, Desserts, Fast Food, North Indian, South Indian",200,Sample Review Text...,5,Drinks & nightlife,Bengaluru
"Address_860, Bangalore",Burger King,Yes,No,4,2011,080-2840033,Jayanagar,Bakery,Pasta,"Continental, North Indian, South Indian",3000,Sample Review Text...,3,Delivery,Bengaluru
"Address_352, Bangalore",KFC,Yes,No,2.3,298,080-1014556,Indiranagar,Pub,Biryani,"Desserts, Fast Food, North Indian",600,Sample Review Text...,3,Pubs and bars,Bengaluru
"Address_471, Bangalore",Empire Restaurant,No,No,3.2,498,080-8047472,Marathahalli,Bakery,Salad,"Beverages, Italian, North Indian",200,Sample Review Text...,3,Drinks & nightlife,Bengaluru
"Address_783, Bangalore",Resto_783,No,No,3.1,961,080-3160312,JP Nagar,Pub,Pizza,"Chinese, South Indian, Thai",800,Sample Review Text...,3,Buffet,Bengaluru
"Address_318, Bangalore",Empire Restaurant,Yes,No,3.6,850,080-1544120,Koramangala,Cafe,Dosa,"North Indian, Thai",200,Sample Review Text...,2,Drinks & nightlife,Bengaluru
"Address_66, Bangalore",Resto_66,Yes,Yes,2.1,60,080-1879109,JP Nagar,Bar,Pasta,"Fast Food, Thai",200,Sample Review Text...,2,Pubs and bars,Bengaluru
"Address_129, Bangalore",Resto_129,Yes,Yes,3.2,2030,080-4084977,Koramangala,Quick Service Restaurant,Salad,"Beverages, Italian, Mexican, Thai",600,Sample Review Text...,4,Dine-out,Bengaluru
"Address_497, Bangalore",Resto_497,Yes,Yes,4.7,981,080-7186297,Jayanagar,Quick Service Restaurant,Pizza,"Chinese, Continental, Desserts, Italian, Mexican",2500,Sample Review Text...,5,Delivery,Bengaluru
"Address_521, Bangalore",McDonald's,No,No,4.8,1352,080-5688687,Indiranagar,Casual Dining,Burgers,"Continental, Mexican, North Indian, South Indian",400,Sample Review Text...,4,Drinks & nightlife,Bengaluru
"Address_237, Bangalore",Nandhana Palace,No,Yes,3.9,1356,080-1147701,JP Nagar,Quick Service Restaurant,Pizza,"Beverages, Fast Food",2000,Sample Review Text...,2,Pubs and bars,Bengaluru
"Address_607, Bangalore",McDonald's,No,Yes,3.5,1321,080-7235425,MG Road,Bar,Sushi,"Italian, Thai",400,Sample Review Text...,2,Dine-out,Bengaluru
"Address_848, Bangalore",Pizza Hut,No,Yes,3.4,2995,080-9345380,Jayanagar,Cafe,Steak,Mexican,1500,Sample Review Text...,1,Cafes,Bengaluru
"Address_71, Bangalore",Resto_71,No,Yes,4.5,1732,080-9089795,Koramangala,Quick Service Restaurant,Burgers,"Chinese, Continental, Fast Food, Mexican, Thai",800,Sample Review Text...,5,Delivery,Bengaluru
"Address_680, Bangalore",KFC,Yes,Yes,2.3,2512,080-6591646,JP Nagar,Cafe,Sushi,"Beverages, Fast Food, Italian, Mexican, North Indian",400,Sample Review Text...,5,Buffet,Bengaluru
"Address_612, Bangalore",Onesta,Yes,No,2.3,917,080-8309538,Koramangala,Bar,Burgers,South Indian,400,Sample Review Text...,1,Dine-out,Bengaluru
"Address_495, Bangalore",Resto_495,Yes,No,4.1,1944,080-8478135,Jayanagar,Pub,Pizza,"Chinese, Continental, Desserts, Italian, South Indian",200,Sample Review Text...,5,Cafes,Bengaluru
"Address_395, Bangalore",Nandhana Palace,No,No,3.5,1161,080-8180005,Marathahalli,Pub,Burgers,"Desserts, Italian, Mexican",1000,Sample Review Text...,3,Delivery,Bengaluru
"Address_235, Bangalore",Nandhana Palace,No,Yes,3.6,532,080-6412833,Jayanagar,Pub,Biryani,"Desserts, North Indian, Thai",600,Sample Review Text...,3,Pubs and bars,Bengaluru
"Address_84, Bangalore",Nandhana Palace,No,No,3.5,1265,080-5962567,Jayanagar,Cafe,Pizza,"Beverages, Desserts, Italian",600,Sample Review Text...,3,Buffet,Bengaluru
"Address_739, Bangalore",Nandhana Palace,Yes,No,3.5,932,080-2225651,HSR Layout,Pub,Burgers,"Chinese, Continental, Desserts, Fast Food, North Indian",1200,Sample Review Text...,5,Cafes,Bengaluru
"Address_41, Bangalore",Pizza Hut,Yes,Yes,3,1238,080-3118618,Koramangala,Fine Dining,Salad,"Beverages, Continental, Desserts, North Indian, South Indian",1000,Sample Review Text...,5,Delivery,Bengaluru
"Address_238, Bangalore",Resto_238,Yes,Yes,4,1314,080-5745083,MG Road,Bar,Biryani,Mexican,1000,Sample Review Text...,1,Buffet,Bengaluru
"Address_757, Bangalore",Nandhana Palace,No,No,4.4,1778,080-5608971,Whitefield,Cafe,Sushi,Mexican,2000,Sample Review Text...,1,Delivery,Bengaluru
"Address_270, Bangalore",Pizza Hut,Yes,No,3.4,2511,080-7246319,JP Nagar,Quick Service Restaurant,Sushi,"Desserts, Mexican",800,Sample Review Text...,2,Cafes,Bengaluru
"Address_35, Bangalore",Resto_35,Yes,Yes,2.3,105,080-6059717,Whitefield,Pub,Pizza,"Chinese, Continental, Italian, Mexican",800,Sample Review Text...,4,Buffet,Bengaluru
"Address_896, Bangalore",KFC,Yes,Yes,2.8,2084,080-4673414,Whitefield,Bakery,Burgers,"Beverages, Continental, Fast Food, North Indian",600,Sample Review Text...,4,Cafes,Bengaluru
"Address_36, Bangalore",McDonald's,No,No,3.5,2652,080-8306261,JP Nagar,Casual Dining,Pasta,"Chinese, Desserts, Mexican, South Indian",2000,Sample Review Text...,4,Pubs and bars,Bengaluru
"Address_8, Bangalore",Resto_8,Yes,Yes,4.5,1259,080-2161193,HSR Layout,Casual Dining,Pasta,"Chinese, Fast Food",400,Sample Review Text...,2,Dine-out,Bengaluru
"Address_795, Bangalore",Resto_795,No,Yes,2.9,1982,080-3908477,MG Road,Quick Service Restaurant,Sushi,"Beverages, Chinese, Continental, North Indian",400,Sample Review Text...,4,Pubs and bars,Bengaluru
"Address_130, Bangalore",Pizza Hut,Yes,No,3.6,1706,080-8546170,Jayanagar,Bakery,Sushi,"Continental, Italian",1200,Sample Review Text...,2,Delivery,Bengaluru
"Address_179, Bangalore",Burger King,Yes,Yes,4.5,1609,080-2828260,JP Nagar,Quick Service Restaurant,Pasta,"Chinese, Continental, Desserts, Italian",600,Sample Review Text...,4,Delivery,Bengaluru
"Address_492, Bangalore",Empire Restaurant,Yes,Yes,4.9,2327,080-8965447,MG Road,Bakery,Pizza,"Chinese, Mexican",2500,Sample Review Text...,2,Drinks & nightlife,Bengaluru
"Address_734, Bangalore",Empire Restaurant,Yes,No,4.1,1256,080-3156762,Jayanagar,Pub,Pasta,"Continental, Desserts, Fast Food",600,Sample Review Text...,3,Buffet,Bengaluru
"Address_346, Bangalore",Onesta,No,No,4.2,2181,080-8529960,HSR Layout,Bakery,Steak,"Beverages, Continental, Desserts, South Indian",1500,Sample Review Text...,4,Pubs and bars,Bengaluru
"Address_755, Bangalore",Resto_755,Yes,No,3.5,1796,080-9501071,MG Road,Cafe,Pizza,"Chinese, Mexican",400,Sample Review Text...,2,Dine-out,Bengaluru
"Address_38, Bangalore",Resto_38,No,Yes,3,1058,080-7818732,JP Nagar,Quick Service Restaurant,Salad,"Beverages, Chinese, Continental, Fast Food, North Indian",400,Sample Review Text...,5,Buffet,Bengaluru
"Address_893, Bangalore",Burger King,No,No,3.8,589,080-1702825,Jayanagar,Bar,Biryani,"Chinese, Mexican",1000,Sample Review Text...,2,Drinks & nightlife,Bengaluru
"Address_965, Bangalore",Resto_965,Yes,No,2.4,419,080-2087833,JP Nagar,Bakery,Dosa,Fast Food,200,Sample Review Text...,1,Drinks & nightlife,Bengaluru
"Address_764, Bangalore",Resto_764,Yes,Yes,3.5,2599,080-9066089,Koramangala,Bar,Salad,"Mexican, South Indian",1200,Sample Review Text...,2,Drinks & nightlife,Bengaluru
"Address_960, Bangalore",Leon Grill,Yes,Yes,3.5,1848,080-5931635,Whitefield,Quick Service Restaurant,Pasta,"Beverages, Chinese, Mexican",1000,Sample Review Text...,3,Buffet,Bengaluru
"Address_914, Bangalore",McDonald's,Yes,No,3.6,1025,080-3690055,Koramangala,Pub,Burgers,Chinese,600,Sample Review Text...,1,Cafes,Bengaluru
"Address_490, Bangalore",Leon Grill,No,Yes,4.2,1943,080-8193952,HSR Layout,Pub,Steak,"Beverages, Desserts, Fast Food, North Indian, South Indian",1200,Sample Review Text...,5,Dine-out,Bengaluru
"Address_79, Bangalore",Resto_79,Yes,Yes,4.2,2023,080-2145653,Marathahalli,Bar,Salad,"Beverages, Desserts, Fast Food, Mexican, Thai",1200,Sample Review Text...,5,Cafes,Bengaluru
"Address_622, Bangalore",Resto_622,Yes,Yes,4.6,580,080-3864292,Koramangala,Fine Dining,Biryani,"Chinese, Mexican, North Indian, Thai",1000,Sample Review Text...,4,Buffet,Bengaluru
"Address_969, Bangalore",Empire Restaurant,No,Yes,2.9,2967,080-1293589,HSR Layout,Pub,Dosa,"Beverages, Chinese, Desserts, Italian, Thai",2500,Sample Review Text...,5,Delivery,Bengaluru
"Address_713, Bangalore",Resto_713,No,Yes,3.5,1236,080-7489687,MG Road,Casual Dining,Salad,"Fast Food, Mexican, South Indian",600,Sample Review Text...,3,Delivery,Bengaluru
"Address_938, Bangalore",Resto_938,Yes,No,4.6,1227,080-3875197,MG Road,Cafe,Sushi,South Indian,2000,Sample Review Text...,1,Delivery,Bengaluru
"Address_662, Bangalore",McDonald's,No,No,2.5,182,080-9525883,Whitefield,Cafe,Sushi,"Chinese, Italian, Mexican, North Indian, South Indian",2500,Sample Review Text...,5,Dine-out,Bengaluru
"Address_825, Bangalore",McDonald's,No,Yes,4.1,1306,080-4192453,Marathahalli,Quick Service Restaurant,Burgers,"Continental, Desserts, Mexican, Thai",2000,Sample Review Text...,4,Buffet,Bengaluru
"Address_427, Bangalore",Pizza Hut,Yes,Yes,3.7,1705,080-2779557,Indiranagar,Cafe,Sushi,"Chinese, North Indian, South Indian, Thai",400,Sample Review Text...,4,Dine-out,Bengaluru
"Address_114, Bangalore",McDonald's,No,No,2.6,1009,080-9204110,Whitefield,Pub,Sushi,"Beverages, Continental, Italian",800,Sample Review Text...,3,Cafes,Bengaluru
"Address_404, Bangalore",Resto_404,No,Yes,3.1,1598,080-4454568,JP Nagar,Pub,Sushi,Desserts,400,Sample Review Text...,1,Cafes,Bengaluru
"Address_977, Bangalore",Pizza Hut,Yes,Yes,3.3,365,080-2327930,Jayanagar,Quick Service Restaurant,Salad,"Italian, South Indian, Thai",1500,Sample Review Text...,3,Delivery,Bengaluru
"Address_188, Bangalore",Resto_188,No,Yes,3.5,952,080-3977282,HSR Layout,Casual Dining,Sushi,"Chinese, Continental, Desserts, North Indian, Thai",600,Sample Review Text...,5,Delivery,Bengaluru
"Address_327, Bangalore",Nandhana Palace,No,Yes,4.6,631,080-9659503,HSR Layout,Quick Service Restaurant,Pasta,"Beverages, Chinese, Continental, Thai",400,Sample Review Text...,4,Dine-out,Bengaluru
"Address_997, Bangalore",Resto_997,No,Yes,3.9,446,080-7424539,Whitefield,Bar,Pizza,North Indian,1000,Sample Review Text...,1,Pubs and bars,Bengaluru
"Address_281, Bangalore",Pizza Hut,No,Yes,2.5,1186,080-6379509,Indiranagar,Fine Dining,Biryani,"Continental, Desserts, Fast Food, Thai",3000,Sample Review Text...,4,Dine-out,Bengaluru
"Address_551, Bangalore",McDonald's,No,No,4.8,86,080-6740173,Jayanagar,Cafe,Steak,"Beverages, Italian, North Indian",200,Sample Review Text...,3,Buffet,Bengaluru
"Address_17, Bangalore",Resto_17,No,Yes,4.6,1000,080-9874152,JP Nagar,Quick Service Restaurant,Biryani,"Beverages, Desserts",1000,Sample Review Text...,2,Pubs and bars,Bengaluru
"Address_983, Bangalore",Burger King,No,Yes,4,1649,080-3409702,Marathahalli,Cafe,Pizza,"Beverages, Fast Food, North Indian, South Indian",200,Sample Review Text...,4,Pubs and bars,Bengaluru
"Address_518, Bangalore",Resto_518,No,Yes,2.3,2322,080-7858398,HSR Layout,Cafe,Salad,"North Indian, South Indian",800,Sample Review Text...,2,Pubs and bars,Bengaluru
"Address_699, Bangalore",Leon Grill,Yes,Yes,3.5,489,080-5655311,Koramangala,Bakery,Burgers,Thai,400,Sample Review Text...,1,Pubs and bars,Bengaluru
"Address_899, Bangalore",Resto_899,Yes,No,2.9,1543,080-8189752,Indiranagar,Casual Dining,Salad,Chinese,200,Sample Review Text...,1,Delivery,Bengaluru
"Address_670, Bangalore",Pizza Hut,Yes,Yes,3,2310,080-4534635,MG Road,Quick Service Restaurant,Steak,"Mexican, South Indian, Thai",600,Sample Review Text...,3,Buffet,Bengaluru
"Address_608, Bangalore",Nandhana Palace,Yes,No,4.1,875,080-4559708,Marathahalli,Pub,Burgers,"Beverages, Chinese, Italian",1500,Sample Review Text...,3,Delivery,Bengaluru
"Address_576, Bangalore",Resto_576,Yes,Yes,3.5,2331,080-6024905,MG Road,Cafe,Salad,"Desserts, South Indian",2500,Sample Review Text...,2,Cafes,Bengaluru
"Address_616, Bangalore",Onesta,No,Yes,3,2418,080-7100930,JP Nagar,Bar,Steak,"Chinese, Desserts, South Indian",600,Sample Review Text...,3,Cafes,Bengaluru
"Address_219, Bangalore",Onesta,No,Yes,3.5,2751,080-2699372,Indiranagar,Casual Dining,Dosa,"Chinese, Continental, Desserts, Mexican, South Indian",400,Sample Review Text...,5,Pubs and bars,Bengaluru
"Address_718, Bangalore",Resto_718,No,Yes,2.9,145,080-2410072,Indiranagar,Quick Service Restaurant,Pizza,Beverages,1500,Sample Review Text...,1,Dine-out,Bengaluru
"Address_69, Bangalore",Burger King,Yes,Yes,3.9,2258,080-2595275,HSR Layout,Bakery,Sushi,"Beverages, Italian, Mexican, Thai",2000,Sample Review Text...,4,Cafes,Bengaluru
"Address_252, Bangalore",Empire Restaurant,Yes,No,2.2,2635,080-2985251,unknown,Cafe,Burgers,"Fast Food, South Indian",1200,Sample Review Text...,2,Cafes,Bengaluru
"Address_600, Bangalore",Leon Grill,Yes,Yes,2.1,534,080-5114686,Marathahalli,Fine Dining,Steak,"Beverages, Italian, South Indian",1000,Sample Review Text...,3,Drinks & nightlife,Bengaluru
"Address_49, Bangalore",Resto_49,No,No,4.2,833,080-5014745,Whitefield,Pub,Pasta,"Continental, Desserts",2000,Sample Review Text...,2,Drinks & nightlife,Bengaluru
"Address_982, Bangalore",Onesta,No,Yes,4.5,948,080-8543762,unknown,Casual Dining,Biryani,"Beverages, Italian, North Indian, South Indian, Thai",1200,Sample Review Text...,5,Cafes,Bengaluru
"Address_241, Bangalore",Nandhana Palace,Yes,No,3.3,1656,080-2060950,MG Road,Quick Service Restaurant,Biryani,Mexican,400,Sample Review Text...,1,Pubs and bars,Bengaluru
"Address_854, Bangalore",McDonald's,No,Yes,4.4,1529,080-8611052,MG Road,Pub,Pasta,"Beverages, Italian, Mexican, Thai",400,Sample Review Text...,4,Pubs and bars,Bengaluru
"Address_107, Bangalore",Onesta,Yes,Yes,3.5,986,080-8895137,HSR Layout,Pub,Dosa,"Continental, Fast Food, North Indian",2000,Sample Review Text...,3,Buffet,Bengaluru
"Address_253, Bangalore",Nandhana Palace,No,No,3.7,2651,080-3260294,MG Road,Casual Dining,Biryani,"North Indian, South Indian",3000,Sample Review Text...,2,Buffet,Bengaluru
"Address_931, Bangalore",Leon Grill,No,Yes,2.1,2824,080-6139499,MG Road,Pub,Steak,"Desserts, Italian, North Indian",600,Sample Review Text...,3,Drinks & nightlife,Bengaluru
"Address_873, Bangalore",Resto_873,Yes,No,3.1,2255,080-8629616,MG Road,Casual Dining,Dosa,Italian,1000,Sample Review Text...,1,Buffet,Bengaluru
"Address_5, Bangalore",Onesta,Yes,No,4.2,2207,080-1790481,Whitefield,Fine Dining,Pizza,"Beverages, Chinese, Fast Food, Mexican, Thai",2500,Sample Review Text...,5,Dine-out,Bengaluru
"Address_341, Bangalore",McDonald's,Yes,No,2.2,2990,080-6242875,Whitefield,Bakery,Biryani,"Beverages, Chinese, Desserts, Fast Food, Italian",400,Sample Review Text...,5,Drinks & nightlife,Bengaluru
"Address_139, Bangalore",McDonald's,Yes,Yes,4.6,2835,080-1552000,Marathahalli,Quick Service Restaurant,Pasta,Chinese,1000,Sample Review Text...,1,Drinks & nightlife,Bengaluru
"Address_857, Bangalore",Empire Restaurant,No,Yes,3,1047,080-6889724,Marathahalli,Bar,Salad,"Beverages, Chinese, Mexican, Thai",3000,Sample Review Text...,4,Delivery,Bengaluru
"Address_77, Bangalore",McDonald's,Yes,No,4.7,360,080-9790632,MG Road,Bar,Pizza,Italian,1500,Sample Review Text...,1,Cafes,Bengaluru
"Address_85, Bangalore",Empire Restaurant,No,Yes,2.4,740,080-5780297,Jayanagar,Fine Dining,Salad,"Desserts, Mexican, North Indian, Thai",800,Sample Review Text...,4,Dine-out,Bengaluru
"Address_959, Bangalore",Resto_959,Yes,No,3.5,1197,080-7833008,HSR Layout,Cafe,Burgers,"Beverages, Desserts, Mexican, Thai",200,Sample Review Text...,4,Dine-out,Bengaluru
"Address_37, Bangalore",Pizza Hut,No,No,4.1,1099,080-8796514,JP Nagar,Bar,Steak,"Chinese, Continental",2000,Sample Review Text...,2,Drinks & nightlife,Bengaluru
"Address_555, Bangalore",Resto_555,Yes,No,4.7,2914,080-6396217,MG Road,Cafe,Burgers,"Fast Food, North Indian, South Indian",200,Sample Review Text...,3,Drinks & nightlife,Bengaluru
"Address_421, Bangalore",Resto_421,Yes,Yes,2.8,2530,080-6423167,Marathahalli,Cafe,Steak,"Chinese, Desserts, Fast Food",200,Sample Review Text...,3,Pubs and bars,Bengaluru
"Address_458, Bangalore",KFC,Yes,Yes,3.5,76,080-8452933,Indiranagar,Fine Dining,Pizza,"Chinese, Continental, Mexican, North Indian, South Indian",800,Sample Review Text...,5,Buffet,Bengaluru
"Address_663, Bangalore",Resto_663,Yes,Yes,4.9,321,080-9854283,Indiranagar,Cafe,Biryani,"Beverages, Continental, Fast Food, Mexican, Thai",400,Sample Review Text...,5,Buffet,Bengaluru
"Address_60, Bangalore",Resto_60,No,No,2.5,541,080-6682698,JP Nagar,Pub,Pizza,"Continental, Fast Food, Italian, Mexican, South Indian",1000,Sample Review Text...,5,Cafes,Bengaluru
"Address_14, Bangalore",Onesta,Yes,Yes,4.8,2372,080-9910817,Koramangala,Fine Dining,Pasta,"Desserts, Fast Food, North Indian",2500,Sample Review Text...,3,Delivery,Bengaluru
"Address_674, Bangalore",Resto_674,No,No,4.1,2752,080-1597875,Indiranagar,Fine Dining,Biryani,"Chinese, Mexican, North Indian",2500,Sample Review Text...,3,Dine-out,Bengaluru
"Address_465, Bangalore",Resto_465,Yes,No,3.5,2860,080-9469478,Indiranagar,Bar,Sushi,"Beverages, Continental",1500,Sample Review Text...,2,Pubs and bars,Bengaluru
"Address_242, Bangalore",McDonald's,Yes,No,2.9,354,080-3288101,Whitefield,Bar,Steak,"Fast Food, Italian, Mexican, North Indian",600,Sample Review Text...,4,Buffet,Bengaluru
"Address_160, Bangalore",McDonald's,No,No,4.8,2107,080-6403886,Indiranagar,Cafe,Burgers,"Continental, North Indian, South Indian, Thai",600,Sample Review Text...,4,Pubs and bars,Bengaluru
"Address_676, Bangalore",Onesta,Yes,Yes,3.5,2817,080-4020978,Whitefield,Pub,Dosa,"Beverages, Fast Food, Italian, Thai",2500,Sample Review Text...,4,Dine-out,Bengaluru
"Address_777, Bangalore",Pizza Hut,No,No,4.8,1133,080-5415321,Marathahalli,Bar,Pasta,Thai,2000,Sample Review Text...,1,Dine-out,Bengaluru
"Address_503, Bangalore",Nandhana Palace,No,No,2.5,848,080-6425211,MG Road,Bakery,Pasta,Italian,800,Sample Review Text...,1,Delivery,Bengaluru
"Address_924, Bangalore",Resto_924,No,No,3.8,510,080-3150688,MG Road,Quick Service Restaurant,Pasta,"Chinese, Continental, Desserts, Italian, North Indian",800,Sample Review Text...,5,Pubs and bars,Bengaluru
"Address_4, Bangalore",Pizza Hut,Yes,No,4.3,938,080-6279418,Koramangala,Bar,Burgers,"Chinese, Continental, Mexican",800,Sample Review Text...,3,Pubs and bars,Bengaluru
"Address_565, Bangalore",Leon Grill,Yes,No,2.5,1155,080-3407905,Koramangala,Quick Service Restaurant,Pizza,"Mexican, South Indian",3000,Sample Review Text...,2,Cafes,Bengaluru
"Address_858, Bangalore",Resto_858,No,Yes,3.6,339,080-5049661,HSR Layout,Fine Dining,Salad,Desserts,1500,Sample Review Text...,1,Delivery,Bengaluru
"Address_803, Bangalore",McDonald's,No,Yes,2.2,1556,080-8363043,Jayanagar,Quick Service Restaurant,Biryani,"Chinese, Fast Food, Italian, South Indian, Thai",1200,Sample Review Text...,5,Cafes,Bengaluru
"Address_158, Bangalore",KFC,No,Yes,3.9,1013,080-2459332,Whitefield,Bar,Salad,Desserts,1000,Sample Review Text...,1,Delivery,Bengaluru
"Address_46, Bangalore",Pizza Hut,No,No,3.4,329,080-1348050,Koramangala,Bakery,Dosa,"Continental, Fast Food, North Indian",400,Sample Review Text...,3,Buffet,Bengaluru
"Address_101, Bangalore",Resto_101,No,No,4.4,302,080-6779998,Jayanagar,Quick Service Restaurant,Pasta,Desserts,2000,Sample Review Text...,1,Buffet,Bengaluru
"Address_834, Bangalore",Pizza Hut,Yes,Yes,3.5,1016,080-5967790,MG Road,Bakery,Biryani,Continental,1000,Sample Review Text...,1,Delivery,Bengaluru
"Address_307, Bangalore",Resto_307,No,Yes,3.5,1565,080-6524481,HSR Layout,Bakery,Salad,"Fast Food, South Indian",1500,Sample Review Text...,2,Buffet,Bengaluru
"Address_751, Bangalore",McDonald's,Yes,Yes,4.8,460,080-8813403,Jayanagar,Bar,Salad,"Chinese, Desserts, Italian, Mexican, North Indian",1500,Sample Review Text...,5,Pubs and bars,Bengaluru
"Address_949, Bangalore",Pizza Hut,Yes,Yes,4.1,2636,080-2076525,Jayanagar,Pub,Steak,"Beverages, Desserts, Fast Food, Italian",800,Sample Review Text...,4,Drinks & nightlife,Bengaluru
"Address_513, Bangalore",McDonald's,No,No,4.7,1528,080-3088386,MG Road,Bakery,Steak,"Chinese, Fast Food, Mexican",200,Sample Review Text...,3,Buffet,Bengaluru
"Address_355, Bangalore",Resto_355,No,Yes,3,347,080-5001116,Marathahalli,Fine Dining,Salad,"North Indian, South Indian",800,Sample Review Text...,2,Cafes,Bengaluru
"Address_335, Bangalore",Onesta,No,Yes,2.5,1662,080-2031500,Indiranagar,Pub,Pizza,Fast Food,1500,Sample Review Text...,1,Dine-out,Bengaluru
"Address_981, Bangalore",Leon Grill,Yes,Yes,3.5,661,080-8044211,Indiranagar,Bakery,Pasta,"Beverages, Chinese, Desserts, South Indian, Thai",1000,Sample Review Text...,5,Buffet,Bengaluru
"Address_629, Bangalore",Leon Grill,Yes,No,4.1,1769,080-7480045,Indiranagar,Quick Service Restaurant,Steak,"Desserts, North Indian",1200,Sample Review Text...,2,Cafes,Bengaluru
"Address_94, Bangalore",Resto_94,No,No,4.2,1583,080-2324175,JP Nagar,Cafe,Steak,"Continental, Desserts, Mexican, Thai",400,Sample Review Text...,4,Buffet,Bengaluru
"Address_646, Bangalore",Pizza Hut,No,No,2.2,646,080-2860164,Whitefield,Casual Dining,Salad,"Beverages, Continental, Desserts, Fast Food, Italian",200,Sample Review Text...,5,Drinks & nightlife,Bengaluru
"Address_807, Bangalore",Resto_807,Yes,No,4.6,1507,080-4808186,Koramangala,Bakery,Steak,"Desserts, North Indian, South Indian",1500,Sample Review Text...,3,Dine-out,Bengaluru
"Address_199, Bangalore",Resto_199,No,Yes,3.3,2569,080-6471499,Jayanagar,Bar,Dosa,"Chinese, Continental, Italian, North Indian, Thai",2500,Sample Review Text...,5,Buffet,Bengaluru
"Address_422, Bangalore",Resto_422,No,No,2.7,390,080-1763562,Koramangala,Casual Dining,Biryani,"Desserts, Italian, Thai",3000,Sample Review Text...,3,Drinks & nightlife,Bengaluru
"Address_314, Bangalore",Onesta,Yes,Yes,3.7,2851,080-4387856,Jayanagar,Bakery,Salad,"Chinese, Desserts, North Indian, Thai",2000,Sample Review Text...,4,Delivery,Bengaluru
"Address_385, Bangalore",Onesta,Yes,No,3.6,1056,080-1294357,Marathahalli,Fine Dining,Dosa,Thai,2500,Sample Review Text...,1,Dine-out,Bengaluru
"Address_900, Bangalore",Leon Grill,Yes,Yes,2.1,1193,080-6538859,JP Nagar,Fine Dining,Pizza,"Chinese, Fast Food, North Indian",600,Sample Review Text...,3,Delivery,Bengaluru
"Address_605, Bangalore",Resto_605,No,No,3.4,2099,080-6227531,MG Road,Cafe,Pasta,"Continental, Italian, South Indian",1500,Sample Review Text...,3,Dine-out,Bengaluru
"Address_313, Bangalore",Empire Restaurant,No,Yes,3.3,1247,080-9673311,Whitefield,Bakery,Pasta,"Continental, Mexican",3000,Sample Review Text...,2,Cafes,Bengaluru
"Address_542, Bangalore",Burger King,No,Yes,4,2921,080-1886921,Jayanagar,Fine Dining,Sushi,"Mexican, South Indian",3000,Sample Review Text...,2,Pubs and bars,Bengaluru
"Address_918, Bangalore",McDonald's,Yes,No,3.2,159,080-7912713,Indiranagar,Casual Dining,Pizza,"Continental, Mexican, South Indian",600,Sample Review Text...,3,Buffet,Bengaluru
"Address_184, Bangalore",Resto_184,Yes,Yes,3.8,2651,080-8033593,Whitefield,Bakery,Burgers,"Beverages, Desserts, Fast Food, North Indian",1000,Sample Review Text...,4,Pubs and bars,Bengaluru
"Address_105, Bangalore",Onesta,Yes,No,2.9,2942,080-6353876,JP Nagar,Fine Dining,Burgers,"Mexican, South Indian, Thai",2500,Sample Review Text...,3,Cafes,Bengaluru
"Address_198, Bangalore",Onesta,Yes,No,3.1,2925,080-3804559,Koramangala,Pub,Burgers,"Beverages, Chinese, Italian, Mexican, South Indian",600,Sample Review Text...,5,Dine-out,Bengaluru
"Address_250, Bangalore",Resto_250,No,Yes,3.5,1513,080-8627651,HSR Layout,Casual Dining,Biryani,"Beverages, Thai",1500,Sample Review Text...,2,Delivery,Bengaluru
"Address_630, Bangalore",Nandhana Palace,No,No,2.5,1785,080-6116985,JP Nagar,Bar,Pizza,"Beverages, Chinese, Continental, Italian, South Indian",2500,Sample Review Text...,5,Drinks & nightlife,Bengaluru
"Address_477, Bangalore",Leon Grill,Yes,Yes,2.2,1276,080-6752912,MG Road,Pub,Dosa,"Beverages, Continental, South Indian",600,Sample Review Text...,3,Drinks & nightlife,Bengaluru
"Address_287, Bangalore",Resto_287,Yes,Yes,2.7,2287,080-1662507,JP Nagar,Bar,Salad,"Italian, Mexican, North Indian, South Indian",600,Sample Review Text...,4,Pubs and bars,Bengaluru
"Address_457, Bangalore",Resto_457,No,No,3.1,2215,080-6181610,Koramangala,Fine Dining,Pizza,"Chinese, Continental, South Indian, Thai",200,Sample Review Text...,4,Pubs and bars,Bengaluru
"Address_409, Bangalore",Resto_409,Yes,No,2.4,113,080-1620819,unknown,Bar,Burgers,"Desserts, Fast Food, Mexican",1500,Sample Review Text...,3,Dine-out,Bengaluru
"Address_696, Bangalore",McDonald's,Yes,Yes,4.5,2744,080-1179053,JP Nagar,Fine Dining,Burgers,"Beverages, Desserts, Fast Food, Italian",1200,Sample Review Text...,4,Cafes,Bengaluru
"Address_837, Bangalore",McDonald's,No,Yes,4.4,141,080-2139083,Whitefield,Quick Service Restaurant,Pasta,"Beverages, Fast Food, Mexican, North Indian, Thai",600,Sample Review Text...,5,Dine-out,Bengaluru
"Address_569, Bangalore",Leon Grill,No,No,4.5,1575,080-5728058,Indiranagar,Bakery,Sushi,"Chinese, Italian",400,Sample Review Text...,2,Delivery,Bengaluru
"Address_463, Bangalore",Leon Grill,No,No,4.5,2049,080-8109386,HSR Layout,Bar,Salad,"Beverages, Thai",600,Sample Review Text...,2,Delivery,Bengaluru
"Address_211, Bangalore",Nandhana Palace,No,Yes,4.5,1563,080-6749046,Whitefield,Bakery,Steak,South Indian,600,Sample Review Text...,1,Buffet,Bengaluru
"Address_682, Bangalore",Resto_682,Yes,Yes,4.3,173,080-3074382,Jayanagar,Quick Service Restaurant,Steak,"Beverages, Italian, North Indian",200,Sample Review Text...,3,Pubs and bars,Bengaluru
"Address_401, Bangalore",Resto_401,Yes,No,4,2343,080-7338393,Marathahalli,Bakery,Sushi,"Beverages, Fast Food, Italian, North Indian, South Indian",2000,Sample Review Text...,5,Drinks & nightlife,Bengaluru
"Address_132, Bangalore",Nandhana Palace,No,Yes,4,1624,080-6174467,HSR Layout,Pub,Dosa,"Continental, Desserts, Mexican",2500,Sample Review Text...,3,Drinks & nightlife,Bengaluru
"Address_810, Bangalore",KFC,Yes,No,2.5,1574,080-3614824,MG Road,Cafe,Steak,"Continental, Italian, Mexican, North Indian",600,Sample Review Text...,4,Buffet,Bengaluru
"Address_836, Bangalore",Resto_836,No,No,2.4,69,080-7291943,Indiranagar,Casual Dining,Biryani,"Beverages, Desserts, Thai",600,Sample Review Text...,3,Pubs and bars,Bengaluru
"Address_344, Bangalore",Resto_344,Yes,Yes,4.1,2699,080-9848116,Marathahalli,Quick Service Restaurant,Biryani,"Continental, Italian",2000,Sample Review Text...,2,Drinks & nightlife,Bengaluru
"Address_89, Bangalore",Onesta,No,Yes,2.1,883,080-1801102,Jayanagar,Pub,Burgers,"Beverages, Chinese, Fast Food, Mexican, South Indian",800,Sample Review Text...,5,Cafes,Bengaluru
"Address_3, Bangalore",Nandhana Palace,No,No,4.4,666,080-9961380,JP Nagar,Quick Service Restaurant,Burgers,"Chinese, Continental",3000,Sample Review Text...,2,Dine-out,Bengaluru
"Address_408, Bangalore",Empire Restaurant,Yes,No,2.7,2807,080-5478422,Whitefield,Bar,Dosa,"Beverages, Chinese, Mexican, Thai",800,Sample Review Text...,4,Pubs and bars,Bengaluru
"Address_724, Bangalore",Nandhana Palace,Yes,No,4.2,1849,080-8239885,Marathahalli,Casual Dining,Steak,"Fast Food, South Indian",3000,Sample Review Text...,2,Delivery,Bengaluru
"Address_502, Bangalore",KFC,Yes,Yes,4.9,1380,080-3816607,HSR Layout,Fine Dining,Pasta,Italian,400,Sample Review Text...,1,Delivery,Bengaluru
"Address_659, Bangalore",Nandhana Palace,No,Yes,4.3,1063,080-4903596,Marathahalli,Cafe,Pizza,"Fast Food, South Indian",3000,Sample Review Text...,2,Pubs and bars,Bengaluru
"Address_438, Bangalore",Resto_438,No,Yes,2.3,2920,080-9612679,MG Road,Bakery,Salad,"Beverages, Continental, Fast Food, North Indian",2000,Sample Review Text...,4,Dine-out,Bengaluru
"Address_765, Bangalore",Resto_765,No,No,3.3,1076,080-9176462,Marathahalli,Casual Dining,Salad,"Beverages, Fast Food, Thai",600,Sample Review Text...,3,Pubs and bars,Bengaluru
"Address_225, Bangalore",Resto_225,No,No,2.2,1819,080-7917892,Marathahalli,Casual Dining,Biryani,"Chinese, Desserts, Italian, Thai",200,Sample Review Text...,4,Buffet,Bengaluru
"Address_97, Bangalore",Resto_97,Yes,Yes,4.8,1523,080-7677903,Marathahalli,Bar,Sushi,Fast Food,600,Sample Review Text...,1,Pubs and bars,Bengaluru
"Address_799, Bangalore",Pizza Hut,No,Yes,3.2,1139,080-4740892,HSR Layout,Bar,Pizza,"Beverages, Continental, Mexican, North Indian",2000,Sample Review Text...,4,Pubs and bars,Bengaluru
"Address_296, Bangalore",Leon Grill,Yes,Yes,2.5,1085,080-7707501,JP Nagar,Pub,Burgers,"Continental, Italian",1000,Sample Review Text...,2,Pubs and bars,Bengaluru
"Address_906, Bangalore",Burger King,No,Yes,3.5,672,080-3354531,Whitefield,Bakery,Burgers,Desserts,1200,Sample Review Text...,1,Buffet,Bengaluru
"Address_852, Bangalore",Resto_852,No,No,3.6,2786,080-3674757,Jayanagar,Casual Dining,Pasta,"Beverages, South Indian, Thai",2500,Sample Review Text...,3,Dine-out,Bengaluru
"Address_432, Bangalore",Nandhana Palace,No,No,4.6,1956,080-1800747,Whitefield,Cafe,Pizza,"Continental, Italian",2500,Sample Review Text...,2,Delivery,Bengaluru
"Address_594, Bangalore",Burger King,No,No,3.6,2142,080-3728933,JP Nagar,Casual Dining,Steak,"Desserts, Mexican",1200,Sample Review Text...,2,Cafes,Bengaluru
"Address_830, Bangalore",Resto_830,No,Yes,4.8,258,080-6243501,Koramangala,Bakery,Salad,"Beverages, Italian, Mexican",1200,Sample Review Text...,3,Drinks & nightlife,Bengaluru
"Address_224, Bangalore",Burger King,Yes,Yes,3.5,642,080-5666702,Marathahalli,Bar,Biryani,"Chinese, Desserts, Fast Food, South Indian",800,Sample Review Text...,4,Buffet,Bengaluru
"Address_345, Bangalore",Leon Grill,Yes,No,3.2,1569,080-2946062,HSR Layout,Fine Dining,Biryani,"Italian, North Indian, South Indian, Thai",1000,Sample Review Text...,4,Dine-out,Bengaluru
"Address_878, Bangalore",Burger King,No,Yes,4.5,1673,080-5558760,Marathahalli,Bakery,Burgers,"Fast Food, Mexican",200,Sample Review Text...,2,Pubs and bars,Bengaluru
"Address_311, Bangalore",Resto_311,Yes,No,2.6,2749,080-9219877,HSR Layout,Bar,Sushi,"Chinese, South Indian",2000,Sample Review Text...,2,Cafes,Bengaluru
"Address_373, Bangalore",Resto_373,No,No,3.5,502,080-8681853,Marathahalli,Fine Dining,Pizza,"Beverages, Continental, Desserts, Fast Food, South Indian",400,Sample Review Text...,5,Delivery,Bengaluru
"Address_134, Bangalore",Resto_134,Yes,No,2.7,2255,080-9192588,JP Nagar,Quick Service Restaurant,Pasta,"Desserts, Fast Food, South Indian, Thai",1200,Sample Review Text...,4,Buffet,Bengaluru
"Address_42, Bangalore",Pizza Hut,No,No,2.5,210,080-1899411,Whitefield,Bar,Pasta,"Chinese, Fast Food, Italian, Mexican",400,Sample Review Text...,4,Dine-out,Bengaluru
"Address_207, Bangalore",Burger King,Yes,Yes,3.9,1532,080-5638619,Whitefield,Quick Service Restaurant,Sushi,Desserts,400,Sample Review Text...,1,Drinks & nightlife,Bengaluru
"Address_515, Bangalore",Empire Restaurant,Yes,No,4.7,603,080-2348021,Whitefield,Cafe,Burgers,"Desserts, Fast Food, Mexican, North Indian, South Indian",1500,Sample Review Text...,5,Cafes,Bengaluru
"Address_742, Bangalore",McDonald's,No,No,2.2,1769,080-4577178,Whitefield,Casual Dining,Dosa,"Beverages, Chinese, South Indian, Thai",400,Sample Review Text...,4,Buffet,Bengaluru
"Address_560, Bangalore",Nandhana Palace,Yes,No,3.1,1598,080-1148668,MG Road,Pub,Salad,"Italian, North Indian, South Indian",600,Sample Review Text...,3,Buffet,Bengaluru
"Address_243, Bangalore",Resto_243,Yes,No,4.7,2987,080-2428191,JP Nagar,Casual Dining,Dosa,"Beverages, Chinese, Mexican, North Indian, South Indian",3000,Sample Review Text...,5,Dine-out,Bengaluru
"Address_709, Bangalore",Resto_709,No,Yes,3.6,571,080-8695935,Jayanagar,Fine Dining,Steak,"Chinese, Continental, North Indian",600,Sample Review Text...,3,Dine-out,Bengaluru
"Address_589, Bangalore",Resto_589,Yes,No,3.5,1480,080-8095426,MG Road,Bakery,Dosa,"Italian, North Indian",200,Sample Review Text...,2,Drinks & nightlife,Bengaluru
"Address_32, Bangalore",Resto_32,No,Yes,3.5,1613,080-4551070,Koramangala,Casual Dining,Salad,"Desserts, Fast Food, North Indian, South Indian",1000,Sample Review Text...,4,Drinks & nightlife,Bengaluru
"Address_804, Bangalore",Resto_804,Yes,No,2.4,1300,080-3850704,Koramangala,Casual Dining,Sushi,Mexican,2500,Sample Review Text...,1,Drinks & nightlife,Bengaluru
"Address_223, Bangalore",Resto_223,No,No,3.5,1071,080-5170429,JP Nagar,Casual Dining,Salad,"Continental, Fast Food, Italian, Mexican, Thai",3000,Sample Review Text...,5,Drinks & nightlife,Bengaluru
"Address_133, Bangalore",Onesta,No,Yes,4.1,1311,080-8005797,HSR Layout,Quick Service Restaurant,Dosa,"Italian, Mexican, North Indian",600,Sample Review Text...,3,Dine-out,Bengaluru
"Address_903, Bangalore",Burger King,No,Yes,4.5,2728,080-1985629,JP Nagar,Cafe,Pizza,"Desserts, South Indian",600,Sample Review Text...,2,Dine-out,Bengaluru
"Address_489, Bangalore",Pizza Hut,No,No,3.8,564,080-1199493,Whitefield,Casual Dining,Salad,"Continental, Mexican, Thai",1500,Sample Review Text...,3,Pubs and bars,Bengaluru
"Address_976, Bangalore",Burger King,Yes,Yes,3.6,377,080-5421566,Marathahalli,Fine Dining,Biryani,"Continental, Mexican, North Indian, South Indian",3000,Sample Review Text...,4,Cafes,Bengaluru
"Address_681, Bangalore",Resto_681,Yes,Yes,2.6,643,080-4617421,MG Road,Bar,Burgers,"Continental, South Indian",1200,Sample Review Text...,2,Delivery,Bengaluru
"Address_186, Bangalore",Resto_186,No,No,4.9,653,080-4681115,Indiranagar,Cafe,Steak,"Beverages, Continental",200,Sample Review Text...,2,Drinks & nightlife,Bengaluru
"Address_947, Bangalore",Resto_947,No,Yes,2.4,1103,080-7296917,HSR Layout,Quick Service Restaurant,Biryani,"Continental, North Indian, Thai",600,Sample Review Text...,3,Buffet,Bengaluru
"Address_180, Bangalore",Resto_180,No,No,3.6,850,080-1676621,Marathahalli,Quick Service Restaurant,Burgers,"Beverages, Chinese, Continental, Desserts",1000,Sample Review Text...,4,Drinks & nightlife,Bengaluru
"Address_958, Bangalore",Onesta,No,No,3.7,2968,080-2279295,MG Road,Casual Dining,Dosa,"Continental, Italian, Mexican, South Indian, Thai",600,Sample Review Text...,5,Buffet,Bengaluru
"Address_399, Bangalore",Resto_399,No,Yes,3.8,313,080-6764913,Marathahalli,Bar,Biryani,"Continental, Desserts, Fast Food, Italian",2500,Sample Review Text...,4,Delivery,Bengaluru
"Address_91, Bangalore",Nandhana Palace,No,Yes,3.6,2079,080-2133461,Koramangala,Bakery,Sushi,"Mexican, North Indian, South Indian, Thai",200,Sample Review Text...,4,Dine-out,Bengaluru
"Address_533, Bangalore",Resto_533,Yes,Yes,3.9,2087,080-4038296,HSR Layout,Casual Dining,Steak,"Continental, Desserts, Fast Food, Mexican, Thai",400,Sample Review Text...,5,Cafes,Bengaluru
"Address_809, Bangalore",Resto_809,Yes,Yes,4.1,2534,080-8588667,JP Nagar,Bakery,Dosa,"Chinese, Continental, Italian, Mexican, Thai",600,Sample Review Text...,5,Buffet,Bengaluru
"Address_271, Bangalore",Resto_271,Yes,Yes,4,409,080-3509000,Whitefield,Bar,Salad,"Beverages, Mexican",1500,Sample Review Text...,2,Delivery,Bengaluru
"Address_784, Bangalore",McDonald's,Yes,Yes,4.1,2641,080-8317957,HSR Layout,Bakery,Pizza,"Desserts, Fast Food, North Indian",3000,Sample Review Text...,3,Dine-out,Bengaluru
"Address_512, Bangalore",Leon Grill,No,No,3.3,1536,080-1070138,Marathahalli,Casual Dining,Biryani,"Desserts, Italian, South Indian",600,Sample Review Text...,3,Buffet,Bengaluru
"Address_229, Bangalore",Empire Restaurant,No,No,4.3,725,080-6399642,Jayanagar,Fine Dining,Steak,"Chinese, Mexican",3000,Sample Review Text...,2,Cafes,Bengaluru
"Address_514, Bangalore",Resto_514,No,No,4.2,1427,080-1578940,Marathahalli,Fine Dining,Sushi,"Beverages, Mexican, North Indian",800,Sample Review Text...,3,Pubs and bars,Bengaluru
"Address_588, Bangalore",Resto_588,No,Yes,4.9,1991,080-8884747,HSR Layout,Fine Dining,Pasta,"Chinese, Continental, Desserts, North Indian",2500,Sample Review Text...,4,Pubs and bars,Bengaluru
"Address_170, Bangalore",Burger King,No,No,3.5,2197,080-4409088,Jayanagar,Quick Service Restaurant,Pasta,Continental,400,Sample Review Text...,1,Buffet,Bengaluru
"Address_28, Bangalore",Empire Restaurant,Yes,Yes,4.3,2734,080-3670226,JP Nagar,Bar,Salad,"Beverages, Desserts, Fast Food, Mexican",2500,Sample Review Text...,4,Cafes,Bengaluru
"Address_684, Bangalore",Pizza Hut,No,No,2.1,1122,080-5886173,Marathahalli,Cafe,Steak,Continental,3000,Sample Review Text...,1,Delivery,Bengaluru
"Address_181, Bangalore",Resto_181,Yes,No,2.1,1224,080-5191831,Whitefield,Bar,Pizza,"Mexican, North Indian",2000,Sample Review Text...,2,Cafes,Bengaluru
"Address_781, Bangalore",Pizza Hut,Yes,No,3.3,167,080-4673793,HSR Layout,Pub,Burgers,"Continental, North Indian",2000,Sample Review Text...,2,Dine-out,Bengaluru
"Address_16, Bangalore",McDonald's,Yes,No,3.9,1228,080-2677407,Marathahalli,Quick Service Restaurant,Pizza,North Indian,2000,Sample Review Text...,1,Buffet,Bengaluru
"Address_316, Bangalore",Resto_316,Yes,No,3.9,614,080-8486970,Jayanagar,Bar,Dosa,"North Indian, South Indian",1500,Sample Review Text...,2,Pubs and bars,Bengaluru
"Address_618, Bangalore",Leon Grill,No,Yes,3.5,1441,080-9521598,Whitefield,Casual Dining,Sushi,"Chinese, Desserts, Fast Food, Mexican, Thai",1500,Sample Review Text...,5,Delivery,Bengaluru
"Address_838, Bangalore",Resto_838,Yes,Yes,3.5,1475,080-9262035,JP Nagar,Quick Service Restaurant,Steak,Mexican,1200,Sample Review Text...,1,Buffet,Bengaluru
"Address_598, Bangalore",Resto_598,No,Yes,3.1,2524,080-7550021,MG Road,Bar,Pasta,Fast Food,1500,Sample Review Text...,1,Cafes,Bengaluru
"Address_850, Bangalore",Empire Restaurant,Yes,No,4,948,080-7262388,Koramangala,Quick Service Restaurant,Sushi,"Chinese, Desserts, Thai",2000,Sample Review Text...,3,Pubs and bars,Bengaluru
"Address_623, Bangalore",Resto_623,No,Yes,2.7,448,080-9812554,Koramangala,Bar,Pasta,Fast Food,1000,Sample Review Text...,1,Dine-out,Bengaluru
"Address_527, Bangalore",Leon Grill,Yes,Yes,3.6,1886,080-3447304,JP Nagar,Cafe,Biryani,"Beverages, Desserts, Italian",600,Sample Review Text...,3,Buffet,Bengaluru
"Address_330, Bangalore",Pizza Hut,Yes,Yes,3.5,2511,080-1902612,JP Nagar,Pub,Pizza,"Fast Food, Italian, North Indian, South Indian",200,Sample Review Text...,4,Cafes,Bengaluru
"Address_45, Bangalore",Pizza Hut,Yes,No,3.5,920,080-5842082,Jayanagar,Quick Service Restaurant,Salad,"Chinese, North Indian",600,Sample Review Text...,2,Delivery,Bengaluru
"Address_472, Bangalore",Resto_472,Yes,No,3.5,2342,080-6523472,Koramangala,Fine Dining,Dosa,"Chinese, Mexican",800,Sample Review Text...,2,Delivery,Bengaluru
"Address_869, Bangalore",Resto_869,No,No,4.9,1398,080-3302963,Whitefield,Bar,Salad,"Continental, Fast Food, Italian, Mexican, Thai",2500,Sample Review Text...,5,Drinks & nightlife,Bengaluru
"Address_780, Bangalore",Burger King,Yes,Yes,3.5,2914,080-7463257,MG Road,Bar,Pizza,"Beverages, South Indian, Thai",1500,Sample Review Text...,3,Pubs and bars,Bengaluru
"Address_43, Bangalore",Pizza Hut,Yes,Yes,3.5,1704,080-2010496,HSR Layout,Bar,Pizza,"Beverages, Continental, Desserts, Mexican, South Indian",1500,Sample Review Text...,5,Dine-out,Bengaluru
"Address_460, Bangalore",Pizza Hut,Yes,Yes,2.3,1256,080-1981497,MG Road,Fine Dining,Dosa,"North Indian, Thai",600,Sample Review Text...,2,Cafes,Bengaluru
"Address_137, Bangalore",Burger King,Yes,Yes,3.5,987,080-7812009,HSR Layout,Pub,Salad,"Continental, Fast Food, Italian, Mexican, Thai",400,Sample Review Text...,5,Buffet,Bengaluru
"Address_469, Bangalore",Empire Restaurant,No,No,4.1,856,080-3944885,Koramangala,Cafe,Pizza,"Chinese, Continental, Desserts, Fast Food",2500,Sample Review Text...,4,Buffet,Bengaluru
"Address_731, Bangalore",Burger King,Yes,No,4.6,2200,080-7683988,Indiranagar,Fine Dining,Biryani,"Beverages, Desserts, Italian, North Indian, Thai",200,Sample Review Text...,5,Drinks & nightlife,Bengaluru
"Address_798, Bangalore",McDonald's,Yes,No,3.1,1646,080-8094088,Koramangala,Cafe,Dosa,"Fast Food, Italian",3000,Sample Review Text...,2,Dine-out,Bengaluru
"Address_991, Bangalore",Resto_991,Yes,No,3.1,574,080-5517306,JP Nagar,Bar,Steak,"Chinese, Continental, Italian, South Indian, Thai",1000,Sample Review Text...,5,Dine-out,Bengaluru
"Address_794, Bangalore",Nandhana Palace,Yes,No,3.6,2876,080-8152449,MG Road,Bar,Steak,"Chinese, Continental, Fast Food, Italian, Thai",800,Sample Review Text...,5,Cafes,Bengaluru
"Address_501, Bangalore",Resto_501,Yes,No,4.4,2141,080-4384602,Indiranagar,Bakery,Burgers,"Beverages, Desserts, North Indian",200,Sample Review Text...,3,Drinks & nightlife,Bengaluru
"Address_390, Bangalore",Leon Grill,Yes,No,2.4,321,080-8235132,MG Road,Fine Dining,Biryani,Chinese,200,Sample Review Text...,1,Dine-out,Bengaluru
"Address_251, Bangalore",McDonald's,Yes,No,2.8,2229,080-6920646,Jayanagar,Bakery,Sushi,"Chinese, Continental, Italian, Thai",800,Sample Review Text...,4,Cafes,Bengaluru
"Address_380, Bangalore",KFC,No,No,3.5,225,080-2465941,HSR Layout,Pub,Steak,"Continental, Fast Food, Italian, Mexican, North Indian",2500,Sample Review Text...,5,Dine-out,Bengaluru
"Address_585, Bangalore",Onesta,No,No,4.2,1810,080-3163996,Jayanagar,Casual Dining,Salad,"Desserts, Mexican, North Indian, South Indian, Thai",1500,Sample Review Text...,5,Drinks & nightlife,Bengaluru
"Address_812, Bangalore",McDonald's,No,Yes,4.8,1259,080-2702878,Indiranagar,Quick Service Restaurant,Pasta,"Beverages, Desserts, Fast Food, South Indian, Thai",600,Sample Review Text...,5,Dine-out,Bengaluru
"Address_148, Bangalore",KFC,No,No,2.2,1675,080-2240929,Marathahalli,Cafe,Salad,"Continental, Italian, South Indian",1500,Sample Review Text...,3,Buffet,Bengaluru
"Address_325, Bangalore",Resto_325,No,Yes,4,1448,080-7535837,Indiranagar,Cafe,Pasta,"Mexican, North Indian, Thai",2500,Sample Review Text...,3,Buffet,Bengaluru
"Address_371, Bangalore",McDonald's,Yes,Yes,3.3,167,080-4434507,JP Nagar,Quick Service Restaurant,Pasta,"Beverages, Chinese",2500,Sample Review Text...,2,Drinks & nightlife,Bengaluru
"Address_2, Bangalore",Pizza Hut,Yes,No,4.8,1550,080-4823498,Indiranagar,Pub,Dosa,"Fast Food, Italian, Thai",400,Sample Review Text...,3,Delivery,Bengaluru
"Address_917, Bangalore",Empire Restaurant,No,No,3.5,393,080-6716053,Indiranagar,Pub,Pizza,"Desserts, Fast Food",2500,Sample Review Text...,2,Buffet,Bengaluru
"Address_543, Bangalore",Burger King,No,Yes,3,1919,080-7820186,Whitefield,Quick Service Restaurant,Sushi,"Beverages, Continental, Italian, Thai",400,Sample Review Text...,4,Delivery,Bengaluru
"Address_262, Bangalore",Pizza Hut,Yes,Yes,3.3,826,080-4886793,Whitefield,Cafe,Pasta,Fast Food,2500,Sample Review Text...,1,Pubs and bars,Bengaluru
"Address_698, Bangalore",Resto_698,No,No,4.8,124,080-1640782,Marathahalli,Pub,Sushi,"Desserts, Fast Food, South Indian, Thai",2500,Sample Review Text...,4,Delivery,Bengaluru
"Address_584, Bangalore",Leon Grill,No,Yes,3.3,695,080-2497018,Whitefield,Cafe,Pizza,Continental,3000,Sample Review Text...,1,Dine-out,Bengaluru
"Address_462, Bangalore",Resto_462,No,No,2.2,118,080-2703045,MG Road,Fine Dining,Burgers,"Continental, North Indian",2500,Sample Review Text...,2,Buffet,Bengaluru
"Address_236, Bangalore",Pizza Hut,No,No,3.5,2898,080-3673793,JP Nagar,Pub,Steak,"Beverages, South Indian",400,Sample Review Text...,2,Buffet,Bengaluru
"Address_136, Bangalore",Onesta,No,Yes,3.5,2259,080-5809835,MG Road,Casual Dining,Biryani,Beverages,1000,Sample Review Text...,1,Buffet,Bengaluru
"Address_673, Bangalore",Resto_673,Yes,Yes,3.3,1077,080-4731953,Indiranagar,Bar,Pizza,"Chinese, Continental",1200,Sample Review Text...,2,Drinks & nightlife,Bengaluru
"Address_660, Bangalore",Resto_660,No,No,3.5,2938,080-4937559,HSR Layout,Casual Dining,Sushi,"Continental, North Indian, Thai",2500,Sample Review Text...,3,Delivery,Bengaluru
"Address_720, Bangalore",Nandhana Palace,No,No,2.1,1052,080-5089486,Indiranagar,Bar,Biryani,"Chinese, Continental, Italian, South Indian",3000,Sample Review Text...,4,Drinks & nightlife,Bengaluru
"Address_309, Bangalore",Resto_309,Yes,Yes,4.6,1695,080-5477211,MG Road,Quick Service Restaurant,Burgers,"Continental, Italian, North Indian, South Indian",600,Sample Review Text...,4,Buffet,Bengaluru
"Address_165, Bangalore",Resto_165,No,Yes,3.5,1407,080-2718442,Indiranagar,Bar,Pizza,"Beverages, Chinese, Desserts, South Indian",1500,Sample Review Text...,4,Drinks & nightlife,Bengaluru
"Address_574, Bangalore",Resto_574,Yes,Yes,3.4,547,080-8064499,Indiranagar,Casual Dining,Burgers,"Continental, South Indian, Thai",2000,Sample Review Text...,3,Dine-out,Bengaluru
"Address_529, Bangalore",Leon Grill,No,No,4.4,652,080-9855760,Koramangala,Pub,Dosa,"Desserts, Mexican, South Indian, Thai",1500,Sample Review Text...,4,Drinks & nightlife,Bengaluru
"Address_961, Bangalore",Empire Restaurant,No,Yes,3,2016,080-1301466,MG Road,Bakery,Biryani,"Beverages, Chinese, Fast Food, North Indian",600,Sample Review Text...,4,Dine-out,Bengaluru
"Address_697, Bangalore",Resto_697,Yes,Yes,3,1510,080-5612919,Whitefield,Pub,Salad,Fast Food,1000,Sample Review Text...,1,Cafes,Bengaluru
"Address_412, Bangalore",KFC,Yes,No,3.7,1597,080-5606139,HSR Layout,Bakery,Salad,"Chinese, South Indian",600,Sample Review Text...,2,Cafes,Bengaluru
"Address_228, Bangalore",KFC,Yes,No,4.4,780,080-3258817,JP Nagar,Casual Dining,Salad,"Chinese, Desserts, Italian, North Indian",3000,Sample Review Text...,4,Delivery,Bengaluru
"Address_773, Bangalore",Resto_773,No,No,4.5,2832,080-7082569,Marathahalli,Bar,Burgers,"Beverages, Chinese, Italian",400,Sample Review Text...,3,Pubs and bars,Bengaluru
"Address_441, Bangalore",McDonald's,No,Yes,2.8,353,080-7979059,Marathahalli,Cafe,Salad,"Italian, South Indian",3000,Sample Review Text...,2,Drinks & nightlife,Bengaluru
"Address_601, Bangalore",Pizza Hut,Yes,Yes,3.9,2373,080-4030429,Indiranagar,Casual Dining,Pizza,"Beverages, Chinese, Desserts, Fast Food",1000,Sample Review Text...,4,Delivery,Bengaluru
"Address_255, Bangalore",Leon Grill,Yes,No,4,1857,080-9461748,Indiranagar,Cafe,Steak,"Chinese, Mexican, North Indian, South Indian",800,Sample Review Text...,4,Dine-out,Bengaluru
"Address_145, Bangalore",Resto_145,No,No,2.5,1130,080-4280754,MG Road,Quick Service Restaurant,Salad,"Chinese, Continental, Fast Food, Thai",2000,Sample Review Text...,4,Delivery,Bengaluru
"Address_793, Bangalore",Burger King,No,Yes,2.2,1008,080-1983550,JP Nagar,Cafe,Salad,"Desserts, Italian",1500,Sample Review Text...,2,Pubs and bars,Bengaluru
"Address_921, Bangalore",Nandhana Palace,No,Yes,4.5,380,080-1067267,JP Nagar,Quick Service Restaurant,Pizza,South Indian,400,Sample Review Text...,1,Cafes,Bengaluru
"Address_723, Bangalore",Resto_723,No,No,4.5,2043,080-2318832,unknown,Pub,Salad,"Continental, Mexican",1500,Sample Review Text...,2,Buffet,Bengaluru
"Address_27, Bangalore",Nandhana Palace,No,No,3.7,2942,080-4671545,MG Road,Bakery,Pasta,"Italian, Mexican, North Indian, South Indian",400,Sample Review Text...,4,Pubs and bars,Bengaluru
"Address_689, Bangalore",Leon Grill,Yes,No,2.3,1737,080-5936253,Marathahalli,Cafe,Dosa,"Desserts, Italian, Mexican, North Indian, South Indian",1000,Sample Review Text...,5,Buffet,Bengaluru
"Address_590, Bangalore",Nandhana Palace,Yes,Yes,2.2,2917,080-8189612,Marathahalli,Bar,Sushi,"Beverages, Chinese, Continental, Italian",200,Sample Review Text...,4,Drinks & nightlife,Bengaluru
"Address_388, Bangalore",Burger King,No,Yes,3.5,633,080-2912044,HSR Layout,Bar,Steak,"Beverages, Fast Food",2500,Sample Review Text...,2,Cafes,Bengaluru
"Address_297, Bangalore",Resto_297,No,No,4.4,2824,080-6610127,Indiranagar,Pub,Sushi,"Chinese, Mexican, North Indian",200,Sample Review Text...,3,Cafes,Bengaluru
"Address_292, Bangalore",Burger King,No,Yes,2.8,166,080-9919792,Indiranagar,Bar,Steak,"Chinese, Fast Food, Italian",400,Sample Review Text...,3,Dine-out,Bengaluru
"Address_998, Bangalore",Onesta,Yes,Yes,2,1478,080-8183194,Jayanagar,Cafe,Steak,"Beverages, Chinese, Fast Food, Italian, Thai",600,Sample Review Text...,5,Delivery,Bengaluru
"Address_210, Bangalore",Leon Grill,No,Yes,2.6,1257,080-8894293,MG Road,Bar,Biryani,"Beverages, Continental, Thai",2000,Sample Review Text...,3,Pubs and bars,Bengaluru
"Address_339, Bangalore",Resto_339,Yes,Yes,3.5,2655,080-8142130,Koramangala,Cafe,Pasta,"Chinese, Desserts, Mexican, South Indian",1500,Sample Review Text...,4,Cafes,Bengaluru
"Address_797, Bangalore",Leon Grill,Yes,No,3.5,833,080-1079503,Marathahalli,Cafe,Burgers,"Beverages, Chinese, Fast Food, Italian, North Indian",400,Sample Review Text...,5,Pubs and bars,Bengaluru
"Address_537, Bangalore",Leon Grill,No,No,4.9,1442,080-3376783,HSR Layout,Fine Dining,Dosa,North Indian,800,Sample Review Text...,1,Dine-out,Bengaluru
"Address_93, Bangalore",Resto_93,Yes,Yes,2.9,1270,080-1802018,MG Road,Bar,Sushi,"Continental, Desserts, Mexican, North Indian, Thai",800,Sample Review Text...,5,Drinks & nightlife,Bengaluru
"Address_480, Bangalore",McDonald's,No,Yes,4.4,27,080-3389108,JP Nagar,Casual Dining,Dosa,Thai,200,Sample Review Text...,1,Cafes,Bengaluru
"Address_847, Bangalore",Nandhana Palace,No,Yes,4.7,838,080-2444438,Indiranagar,Fine Dining,Burgers,Desserts,600,Sample Review Text...,1,Cafes,Bengaluru
"Address_10, Bangalore",Resto_10,Yes,Yes,3.5,2899,080-4993055,Koramangala,Cafe,Dosa,North Indian,1200,Sample Review Text...,1,Pubs and bars,Bengaluru
"Address_728, Bangalore",KFC,Yes,Yes,4.1,93,080-1381170,JP Nagar,Pub,Steak,"Desserts, South Indian",400,Sample Review Text...,2,Buffet,Bengaluru
"Address_23, Bangalore",Resto_23,No,Yes,4.9,156,080-4188992,Indiranagar,Pub,Dosa,"Continental, Fast Food, Mexican, Thai",2500,Sample Review Text...,4,Delivery,Bengaluru
"Address_100, Bangalore",Leon Grill,No,Yes,2.6,568,080-2446455,unknown,Bar,Pizza,"Beverages, Italian, North Indian, Thai",2500,Sample Review Text...,4,Drinks & nightlife,Bengaluru
"Address_693, Bangalore",Resto_693,Yes,No,3.6,518,080-4631318,MG Road,Quick Service Restaurant,Pizza,"Chinese, Continental, Desserts, Fast Food, Mexican",200,Sample Review Text...,5,Buffet,Bengaluru
"Address_871, Bangalore",Resto_871,No,Yes,3.5,1685,080-7064744,Whitefield,Quick Service Restaurant,Sushi,"Fast Food, Italian, Mexican, South Indian, Thai",1000,Sample Review Text...,5,Dine-out,Bengaluru
"Address_749, Bangalore",Resto_749,Yes,No,3,1826,080-5345732,HSR Layout,Cafe,Dosa,"Desserts, Fast Food, Italian",1200,Sample Review Text...,3,Buffet,Bengaluru
"Address_599, Bangalore",Leon Grill,No,Yes,3.5,517,080-8338707,Indiranagar,Fine Dining,Biryani,"Chinese, Continental, Desserts, Mexican, South Indian",400,Sample Review Text...,5,Pubs and bars,Bengaluru
"Address_393, Bangalore",Resto_393,Yes,No,4.2,17,080-6952931,Indiranagar,Cafe,Steak,"Beverages, Desserts, Italian, South Indian, Thai",400,Sample Review Text...,5,Cafes,Bengaluru
"Address_621, Bangalore",Resto_621,No,No,4.3,1423,080-6122489,Whitefield,Fine Dining,Burgers,"Chinese, Continental, Desserts, Fast Food, North Indian",3000,Sample Review Text...,5,Dine-out,Bengaluru
"Address_216, Bangalore",Empire Restaurant,No,No,3.8,2432,080-7992333,Koramangala,Fine Dining,Salad,North Indian,200,Sample Review Text...,1,Cafes,Bengaluru
"Address_315, Bangalore",Resto_315,Yes,Yes,3.5,2892,080-3682671,Marathahalli,Fine Dining,Steak,"Beverages, Chinese, Mexican",2500,Sample Review Text...,3,Buffet,Bengaluru
"Address_217, Bangalore",Resto_217,No,No,2.6,2808,080-8026730,Koramangala,Quick Service Restaurant,Pizza,"Beverages, Chinese, Continental, Desserts",3000,Sample Review Text...,4,Buffet,Bengaluru
"Address_185, Bangalore",KFC,Yes,No,3,2230,080-4674549,Marathahalli,Quick Service Restaurant,Biryani,"Beverages, Chinese, Mexican, South Indian, Thai",200,Sample Review Text...,5,Drinks & nightlife,Bengaluru
"Address_907, Bangalore",Pizza Hut,Yes,Yes,4.2,2586,080-9406675,JP Nagar,Fine Dining,Burgers,"Beverages, Fast Food, Thai",200,Sample Review Text...,3,Dine-out,Bengaluru
"Address_55, Bangalore",Resto_55,Yes,Yes,4.7,931,080-6024207,Indiranagar,Bakery,Biryani,Chinese,2000,Sample Review Text...,1,Delivery,Bengaluru
"Address_111, Bangalore",Pizza Hut,No,No,2.9,68,080-1447065,JP Nagar,Quick Service Restaurant,Salad,Mexican,3000,Sample Review Text...,1,Drinks & nightlife,Bengaluru
"Address_197, Bangalore",Resto_197,No,Yes,4,396,080-7494562,Indiranagar,Fine Dining,Steak,"Beverages, Italian, Mexican",2500,Sample Review Text...,3,Buffet,Bengaluru
"Address_176, Bangalore",Resto_176,No,Yes,2.8,1244,080-5112546,HSR Layout,Bakery,Pasta,"Desserts, Fast Food, Italian",2500,Sample Review Text...,3,Delivery,Bengaluru
"Address_522, Bangalore",Onesta,No,Yes,3.5,2613,080-7713657,JP Nagar,Casual Dining,Pizza,"Desserts, North Indian, Thai",800,Sample Review Text...,3,Drinks & nightlife,Bengaluru
"Address_540, Bangalore",Resto_540,Yes,No,3.5,2622,080-7327627,Indiranagar,Quick Service Restaurant,Burgers,"Continental, Italian, South Indian",1000,Sample Review Text...,3,Cafes,Bengaluru
"Address_306, Bangalore",Resto_306,No,No,2.9,2053,080-1494355,Whitefield,Bar,Dosa,Continental,1500,Sample Review Text...,1,Dine-out,Bengaluru
"Address_582, Bangalore",Nandhana Palace,Yes,Yes,3.1,2401,080-2565160,Koramangala,Quick Service Restaurant,Burgers,"Desserts, South Indian",400,Sample Review Text...,2,Dine-out,Bengaluru
"Address_446, Bangalore",Leon Grill,No,Yes,3.2,1676,080-2422342,Marathahalli,Bar,Sushi,"Beverages, Chinese, Desserts, North Indian, Thai",2500,Sample Review Text...,5,Drinks & nightlife,Bengaluru
"Address_99, Bangalore",Resto_99,No,Yes,4.8,1309,080-6032437,JP Nagar,Fine Dining,Pasta,Beverages,2500,Sample Review Text...,1,Pubs and bars,Bengaluru
"Address_517, Bangalore",Burger King,No,Yes,4.4,6,080-7285607,Indiranagar,Casual Dining,Pasta,"Beverages, Continental, Mexican, Thai",1500,Sample Review Text...,4,Pubs and bars,Bengaluru
"Address_410, Bangalore",Resto_410,Yes,No,2.8,2255,080-2408104,Jayanagar,Fine Dining,Sushi,Desserts,200,Sample Review Text...,1,Buffet,Bengaluru
"Address_571, Bangalore",Pizza Hut,No,No,4.4,2913,080-7553173,Indiranagar,Bar,Salad,South Indian,600,Sample Review Text...,1,Pubs and bars,Bengaluru
"Address_544, Bangalore",Nandhana Palace,Yes,Yes,2.2,1170,080-3288888,Marathahalli,Bar,Salad,Mexican,2500,Sample Review Text...,1,Cafes,Bengaluru
"Address_120, Bangalore",Burger King,No,No,3.5,2741,080-7435310,unknown,Cafe,Burgers,"Desserts, Thai",800,Sample Review Text...,2,Cafes,Bengaluru
"Address_920, Bangalore",Resto_920,No,No,2.4,2360,080-2336525,HSR Layout,Pub,Dosa,Italian,200,Sample Review Text...,1,Buffet,Bengaluru
"Address_725, Bangalore",Pizza Hut,No,Yes,3.6,1550,080-3669548,Indiranagar,Casual Dining,Steak,"Chinese, Continental, Fast Food, Italian",1000,Sample Review Text...,4,Buffet,Bengaluru
"Address_156, Bangalore",Resto_156,No,Yes,2.6,1572,080-4699871,Marathahalli,Bakery,Dosa,"Beverages, Chinese, Desserts, Mexican",400,Sample Review Text...,4,Delivery,Bengaluru
"Address_950, Bangalore",Resto_950,Yes,Yes,3.8,1208,080-3189600,Jayanagar,Pub,Sushi,"Chinese, Continental, Fast Food, Mexican, North Indian",800,Sample Review Text...,5,Pubs and bars,Bengaluru
"Address_993, Bangalore",Resto_993,Yes,No,4.3,1515,080-9214663,Indiranagar,Cafe,Dosa,"Beverages, Chinese, Desserts, Mexican, South Indian",200,Sample Review Text...,5,Cafes,Bengaluru
"Address_692, Bangalore",Resto_692,No,Yes,2,789,080-4398864,Whitefield,Quick Service Restaurant,Pizza,"Beverages, Continental, Fast Food, Thai",1500,Sample Review Text...,4,Buffet,Bengaluru
"Address_389, Bangalore",Nandhana Palace,Yes,Yes,2.9,1485,080-2989725,unknown,Bar,Burgers,"Beverages, Chinese, Fast Food, Thai",1000,Sample Review Text...,4,Dine-out,Bengaluru
"Address_424, Bangalore",Resto_424,No,Yes,2.9,523,080-5425123,Marathahalli,Bar,Sushi,"Continental, Mexican, Thai",1000,Sample Review Text...,3,Cafes,Bengaluru
"Address_451, Bangalore",KFC,No,No,4.3,2928,080-7061063,Jayanagar,Fine Dining,Salad,"Beverages, Chinese, Italian, South Indian",2500,Sample Review Text...,4,Delivery,Bengaluru
"Address_305, Bangalore",Nandhana Palace,No,No,3.5,763,080-9219709,HSR Layout,Pub,Steak,"Beverages, Chinese, Fast Food, North Indian",2500,Sample Review Text...,4,Pubs and bars,Bengaluru
"Address_87, Bangalore",McDonald's,Yes,Yes,4.2,1117,080-6865064,Marathahalli,Pub,Biryani,"Chinese, Mexican",800,Sample Review Text...,2,Cafes,Bengaluru
"Address_639, Bangalore",Onesta,No,No,3.5,648,080-6903348,JP Nagar,Pub,Sushi,"Continental, Italian, Mexican, North Indian, Thai",600,Sample Review Text...,5,Cafes,Bengaluru
"Address_208, Bangalore",Resto_208,No,Yes,4.2,232,080-8022366,MG Road,Fine Dining,Steak,"Desserts, North Indian, South Indian",1000,Sample Review Text...,3,Cafes,Bengaluru
"Address_741, Bangalore",Pizza Hut,No,Yes,3.4,1162,080-8382709,Whitefield,Quick Service Restaurant,Pizza,"Beverages, Continental, Desserts, Italian, Thai",2500,Sample Review Text...,5,Dine-out,Bengaluru
"Address_564, Bangalore",Resto_564,Yes,No,2.8,2382,080-4045291,MG Road,Cafe,Salad,"Chinese, Italian, Mexican, Thai",2000,Sample Review Text...,4,Dine-out,Bengaluru
"Address_95, Bangalore",Leon Grill,No,No,3.5,1343,080-1710601,Whitefield,Quick Service Restaurant,Sushi,"Fast Food, Mexican, South Indian, Thai",2000,Sample Review Text...,4,Buffet,Bengaluru
"Address_273, Bangalore",Nandhana Palace,No,No,3,2283,080-4337963,Whitefield,Quick Service Restaurant,Pasta,Mexican,400,Sample Review Text...,1,Drinks & nightlife,Bengaluru
"Address_634, Bangalore",McDonald's,Yes,Yes,4,2936,080-9309833,Koramangala,Fine Dining,Pasta,"Beverages, South Indian",2500,Sample Review Text...,2,Dine-out,Bengaluru
"Address_240, Bangalore",KFC,No,Yes,4.4,1782,080-2228898,Indiranagar,Fine Dining,Biryani,"Desserts, North Indian",1200,Sample Review Text...,2,Dine-out,Bengaluru
"Address_78, Bangalore",McDonald's,Yes,No,2.2,2593,080-3456926,Indiranagar,Pub,Dosa,"Beverages, Desserts, Italian, Mexican, Thai",600,Sample Review Text...,5,Dine-out,Bengaluru
"Address_747, Bangalore",Resto_747,No,Yes,3.8,1536,080-8350507,Koramangala,Casual Dining,Dosa,Thai,1000,Sample Review Text...,1,Delivery,Bengaluru
"Address_761, Bangalore",Nandhana Palace,No,No,4.5,2198,080-7133460,Marathahalli,Cafe,Pizza,"Continental, Desserts, Italian, North Indian, South Indian",600,Sample Review Text...,5,Cafes,Bengaluru
"Address_892, Bangalore",Onesta,No,No,2.1,2117,080-9488394,Indiranagar,Bakery,Pizza,"Beverages, Mexican, North Indian, Thai",2500,Sample Review Text...,4,Dine-out,Bengaluru
"Address_536, Bangalore",Resto_536,Yes,Yes,3.5,1489,080-9714808,Jayanagar,Bakery,Dosa,Italian,1000,Sample Review Text...,1,Pubs and bars,Bengaluru
"Address_650, Bangalore",McDonald's,No,Yes,4.7,975,080-1249956,HSR Layout,Casual Dining,Burgers,"Continental, Italian, Mexican, North Indian, Thai",3000,Sample Review Text...,5,Delivery,Bengaluru
"Address_247, Bangalore",McDonald's,No,No,2.5,2484,080-2282825,Indiranagar,Bar,Pizza,"Beverages, Italian, South Indian",1000,Sample Review Text...,3,Delivery,Bengaluru
"Address_337, Bangalore",McDonald's,Yes,Yes,3.5,522,080-7027124,Whitefield,Casual Dining,Pizza,"Beverages, Fast Food, North Indian",2500,Sample Review Text...,3,Drinks & nightlife,Bengaluru
"Address_506, Bangalore",Resto_506,No,No,4.2,2062,080-8189001,Koramangala,Cafe,Burgers,Fast Food,400,Sample Review Text...,1,Buffet,Bengaluru
"Address_118, Bangalore",Nandhana Palace,Yes,Yes,2.5,720,080-2800206,Koramangala,Bar,Sushi,"Continental, Desserts, North Indian, South Indian",200,Sample Review Text...,4,Drinks & nightlife,Bengaluru
"Address_11, Bangalore",Leon Grill,No,Yes,4.3,779,080-2651177,Indiranagar,Casual Dining,Biryani,"Beverages, Italian, Mexican, Thai",200,Sample Review Text...,4,Cafes,Bengaluru
"Address_911, Bangalore",Onesta,Yes,No,4.5,1593,080-1347135,JP Nagar,Cafe,Pizza,"Beverages, Italian, Mexican, North Indian, South Indian",800,Sample Review Text...,5,Dine-out,Bengaluru
"Address_861, Bangalore",Resto_861,No,Yes,3.5,2678,080-9277057,Jayanagar,Bar,Burgers,"Chinese, Continental, North Indian, South Indian",1200,Sample Review Text...,4,Pubs and bars,Bengaluru
"Address_204, Bangalore",Resto_204,No,No,3.8,507,080-6867997,Koramangala,Cafe,Sushi,"Desserts, Fast Food, South Indian",2000,Sample Review Text...,3,Dine-out,Bengaluru
"Address_530, Bangalore",KFC,No,Yes,4.2,2377,080-5883538,Koramangala,Bar,Pasta,"Beverages, Desserts, South Indian",2000,Sample Review Text...,3,Dine-out,Bengaluru
"Address_190, Bangalore",McDonald's,Yes,No,3.7,718,080-1543292,MG Road,Quick Service Restaurant,Pasta,"Fast Food, North Indian, South Indian",3000,Sample Review Text...,3,Buffet,Bengaluru
"Address_730, Bangalore",KFC,No,Yes,4.8,2048,080-1542282,Indiranagar,Bar,Steak,"Desserts, Fast Food, Italian, South Indian, Thai",400,Sample Review Text...,5,Buffet,Bengaluru
"Address_563, Bangalore",Pizza Hut,No,Yes,2,1456,080-2785812,HSR Layout,Fine Dining,Steak,"Continental, North Indian, South Indian",2500,Sample Review Text...,3,Pubs and bars,Bengaluru
"Address_334, Bangalore",KFC,Yes,Yes,3.1,1395,080-2306851,HSR Layout,Bar,Salad,"Continental, Desserts, Fast Food, Mexican, Thai",800,Sample Review Text...,5,Delivery,Bengaluru
"Address_743, Bangalore",Resto_743,No,Yes,4.7,861,080-3636248,Jayanagar,Quick Service Restaurant,Sushi,"Italian, Mexican",600,Sample Review Text...,2,Buffet,Bengaluru
"Address_483, Bangalore",Resto_483,Yes,Yes,3.1,1532,080-3492539,JP Nagar,Pub,Sushi,"Fast Food, Italian, Mexican, North Indian",2500,Sample Review Text...,4,Dine-out,Bengaluru
"Address_365, Bangalore",Resto_365,No,Yes,2.6,1929,080-8679606,Marathahalli,Casual Dining,Burgers,"Chinese, Desserts, Italian, South Indian",1500,Sample Review Text...,4,Pubs and bars,Bengaluru
"Address_910, Bangalore",Resto_910,Yes,Yes,4.4,978,080-1274196,MG Road,Casual Dining,Dosa,"Chinese, Continental, Desserts, North Indian",2500,Sample Review Text...,4,Buffet,Bengaluru
"Address_177, Bangalore",Empire Restaurant,Yes,No,4,39,080-2004872,JP Nagar,Casual Dining,Pasta,"Chinese, Continental, Fast Food, Italian",800,Sample Review Text...,4,Pubs and bars,Bengaluru
"Address_13, Bangalore",Resto_13,No,No,3.2,240,080-8633773,Jayanagar,Bakery,Dosa,Mexican,1000,Sample Review Text...,1,Cafes,Bengaluru
"Address_891, Bangalore",Resto_891,Yes,No,2.5,414,080-8522210,Jayanagar,Fine Dining,Steak,"Beverages, Chinese, Continental, Fast Food, North Indian",2500,Sample Review Text...,5,Drinks & nightlife,Bengaluru
"Address_159, Bangalore",KFC,Yes,No,3.8,1753,080-9930189,Jayanagar,Pub,Dosa,"Fast Food, Italian",200,Sample Review Text...,2,Buffet,Bengaluru
"Address_829, Bangalore",Resto_829,Yes,No,3.2,53,080-3044259,Whitefield,Fine Dining,Pasta,"Continental, Thai",3000,Sample Review Text...,2,Buffet,Bengaluru
"Address_51, Bangalore",Resto_51,Yes,No,3.7,559,080-6008935,Indiranagar,Quick Service Restaurant,Salad,"Beverages, Continental, Mexican, Thai",200,Sample Review Text...,4,Dine-out,Bengaluru
"Address_53, Bangalore",Burger King,No,Yes,2.1,2057,080-8665981,JP Nagar,Bar,Biryani,Desserts,400,Sample Review Text...,1,Pubs and bars,Bengaluru
"Address_815, Bangalore",Resto_815,Yes,No,4.7,454,080-9300525,HSR Layout,Fine Dining,Biryani,"Chinese, Continental, Thai",3000,Sample Review Text...,3,Buffet,Bengaluru
"Address_9, Bangalore",Leon Grill,No,No,4.7,2989,080-5159166,HSR Layout,Fine Dining,Burgers,"Desserts, Mexican, Thai",2500,Sample Review Text...,3,Delivery,Bengaluru
"Address_73, Bangalore",Burger King,Yes,Yes,4.8,375,080-2425342,HSR Layout,Bakery,Biryani,"Desserts, Fast Food, South Indian, Thai",1000,Sample Review Text...,4,Dine-out,Bengaluru
"Address_445, Bangalore",Resto_445,Yes,No,4.2,26,080-7962689,HSR Layout,Bar,Sushi,"Continental, North Indian, South Indian, Thai",1000,Sample Review Text...,4,Pubs and bars,Bengaluru
"Address_31, Bangalore",Resto_31,No,No,4.5,1716,080-6639317,HSR Layout,Bakery,Steak,"Continental, Mexican",2000,Sample Review Text...,2,Pubs and bars,Bengaluru
"Address_885, Bangalore",Leon Grill,Yes,Yes,2.5,1115,080-3219474,unknown,Pub,Burgers,"Chinese, Fast Food, Mexican, North Indian, South Indian",2000,Sample Review Text...,5,Buffet,Bengaluru
"Address_833, Bangalore",Resto_833,Yes,No,3.8,2301,080-4356421,Jayanagar,Bar,Burgers,"Desserts, Fast Food, Thai",3000,Sample Review Text...,3,Buffet,Bengaluru
"Address_884, Bangalore",Resto_884,Yes,Yes,3.5,415,080-7189628,Whitefield,Bar,Pasta,"Beverages, Chinese",2000,Sample Review Text...,2,Dine-out,Bengaluru
"Address_685, Bangalore",Resto_685,No,No,4.6,2184,080-2817044,HSR Layout,Bakery,Salad,Desserts,1500,Sample Review Text...,1,Dine-out,Bengaluru
"Address_614, Bangalore",Resto_614,Yes,No,3.5,1307,080-9222577,Jayanagar,Bar,Dosa,"Chinese, Continental, Desserts, Fast Food, Mexican",800,Sample Review Text...,5,Drinks & nightlife,Bengaluru
"Address_902, Bangalore",Pizza Hut,Yes,Yes,2.6,1162,080-6140518,Koramangala,Bakery,Dosa,"Beverages, Desserts, South Indian",1200,Sample Review Text...,3,Pubs and bars,Bengaluru
"Address_312, Bangalore",Burger King,No,Yes,4.4,2949,080-1711620,JP Nagar,Bakery,Burgers,"Beverages, Continental, Desserts, Fast Food, North Indian",2000,Sample Review Text...,5,Buffet,Bengaluru
"Address_973, Bangalore",Burger King,No,No,3.5,225,080-6617699,Indiranagar,Bar,Biryani,"Beverages, Chinese, Italian, North Indian",1000,Sample Review Text...,4,Delivery,Bengaluru
"Address_706, Bangalore",Empire Restaurant,Yes,Yes,3.4,1322,080-1132511,JP Nagar,Pub,Pasta,"Desserts, Fast Food, North Indian, Thai",400,Sample Review Text...,4,Cafes,Bengaluru
"Address_402, Bangalore",Resto_402,Yes,Yes,3.1,2391,080-7911031,Koramangala,Bar,Sushi,"Chinese, Fast Food, Mexican",1200,Sample Review Text...,3,Delivery,Bengaluru
"Address_20, Bangalore",Resto_20,No,Yes,2.1,1493,080-7817881,Koramangala,Quick Service Restaurant,Pasta,"Chinese, Italian",1200,Sample Review Text...,2,Dine-out,Bengaluru
"Address_268, Bangalore",Onesta,No,No,4.9,2353,080-3151610,Whitefield,Bakery,Biryani,"Beverages, Continental",1500,Sample Review Text...,2,Buffet,Bengaluru
"Address_994, Bangalore",McDonald's,Yes,No,4.2,1176,080-3012893,Whitefield,Cafe,Pizza,Italian,1000,Sample Review Text...,1,Delivery,Bengaluru
"Address_157, Bangalore",Resto_157,No,Yes,3.6,2028,080-7154919,Indiranagar,Pub,Biryani,Continental,2500,Sample Review Text...,1,Pubs and bars,Bengaluru
"Address_843, Bangalore",Resto_843,No,No,3.5,2471,080-4449113,MG Road,Cafe,Burgers,"Chinese, North Indian",1500,Sample Review Text...,2,Buffet,Bengaluru
"Address_400, Bangalore",Nandhana Palace,No,No,3.1,1882,080-3256338,Koramangala,Casual Dining,Dosa,"Beverages, Continental",600,Sample Review Text...,2,Pubs and bars,Bengaluru
"Address_320, Bangalore",Nandhana Palace,No,No,4,1124,080-9874251,JP Nagar,Pub,Pizza,"Beverages, Continental, Fast Food, Italian",200,Sample Review Text...,4,Cafes,Bengaluru
"Address_505, Bangalore",Leon Grill,No,Yes,4.8,2852,080-9088805,MG Road,Fine Dining,Pizza,"South Indian, Thai",1200,Sample Review Text...,2,Drinks & nightlife,Bengaluru
"Address_52, Bangalore",Onesta,No,No,3.6,1865,080-7891662,JP Nagar,Bar,Biryani,"Italian, Mexican",800,Sample Review Text...,2,Drinks & nightlife,Bengaluru
"Address_230, Bangalore",KFC,No,No,4.8,1854,080-4646403,Jayanagar,Cafe,Burgers,"Beverages, Continental, Fast Food, Mexican",2500,Sample Review Text...,4,Dine-out,Bengaluru
"Address_220, Bangalore",Resto_220,No,No,2.3,715,080-1769891,Koramangala,Bar,Biryani,"Fast Food, Mexican, Thai",400,Sample Review Text...,3,Dine-out,Bengaluru
"Address_716, Bangalore",Resto_716,No,No,4.8,457,080-9638526,Jayanagar,Bakery,Salad,"Chinese, Desserts, Mexican, North Indian, South Indian",3000,Sample Review Text...,5,Cafes,Bengaluru
"Address_26, Bangalore",KFC,No,Yes,2.8,2719,080-1775337,JP Nagar,Casual Dining,Burgers,"Continental, Italian",800,Sample Review Text...,2,Cafes,Bengaluru
"Address_54, Bangalore",Resto_54,Yes,Yes,4.8,1386,080-6312692,MG Road,Fine Dining,Salad,Thai,2500,Sample Review Text...,1,Buffet,Bengaluru
"Address_996, Bangalore",Resto_996,Yes,No,2.6,887,080-8151289,unknown,Quick Service Restaurant,Salad,"Continental, Desserts, Italian, Mexican, Thai",400,Sample Review Text...,5,Drinks & nightlife,Bengaluru
"Address_461, Bangalore",Resto_461,Yes,No,2.7,495,080-9462784,Koramangala,Cafe,Steak,"Fast Food, Italian",2000,Sample Review Text...,2,Delivery,Bengaluru
"Address_214, Bangalore",KFC,Yes,No,2.3,2061,080-8649174,Whitefield,Cafe,Sushi,North Indian,1000,Sample Review Text...,1,Cafes,Bengaluru
"Address_691, Bangalore",Leon Grill,No,Yes,2,2873,080-2025218,HSR Layout,Cafe,Salad,Beverages,2000,Sample Review Text...,1,Buffet,Bengaluru
"Address_934, Bangalore",Onesta,Yes,Yes,2.6,396,080-5704514,Koramangala,Quick Service Restaurant,Salad,Fast Food,1500,Sample Review Text...,1,Dine-out,Bengaluru
"Address_294, Bangalore",Resto_294,No,No,3.6,1329,080-5262908,JP Nagar,Bakery,Sushi,"Beverages, Desserts, Italian, Thai",2500,Sample Review Text...,4,Cafes,Bengaluru
"Address_524, Bangalore",Resto_524,Yes,Yes,4.1,656,080-9968148,JP Nagar,Bakery,Salad,"Continental, Desserts, Italian",400,Sample Review Text...,3,Delivery,Bengaluru
"Address_414, Bangalore",Empire Restaurant,Yes,Yes,3.1,2617,080-7517462,JP Nagar,Bar,Biryani,Beverages,800,Sample Review Text...,1,Cafes,Bengaluru
"Address_968, Bangalore",Nandhana Palace,Yes,Yes,2.4,1760,080-2974957,MG Road,Pub,Salad,"Continental, Fast Food, Italian, Mexican, North Indian",600,Sample Review Text...,5,Cafes,Bengaluru
"Address_967, Bangalore",Resto_967,No,No,3.6,601,080-6194113,JP Nagar,Pub,Burgers,Continental,200,Sample Review Text...,1,Dine-out,Bengaluru
"Address_568, Bangalore",Resto_568,No,Yes,3.5,182,080-4763343,Indiranagar,Pub,Biryani,"Beverages, Chinese, Mexican",600,Sample Review Text...,3,Dine-out,Bengaluru
"Address_473, Bangalore",Nandhana Palace,Yes,No,2.1,2565,080-1913231,JP Nagar,Bar,Sushi,"Chinese, Desserts, Italian",800,Sample Review Text...,3,Buffet,Bengaluru
"Address_972, Bangalore",Resto_972,Yes,No,2.4,2406,080-1016411,Whitefield,Bar,Biryani,"Beverages, Chinese, Continental, Mexican, North Indian",2000,Sample Review Text...,5,Pubs and bars,Bengaluru
"Address_321, Bangalore",Pizza Hut,No,No,3.7,2552,080-5873580,unknown,Cafe,Burgers,"Beverages, Chinese, Desserts, Fast Food, Italian",3000,Sample Review Text...,5,Delivery,Bengaluru
"Address_525, Bangalore",McDonald's,Yes,Yes,3.1,2938,080-2495511,MG Road,Fine Dining,Sushi,"Beverages, Italian, Mexican, North Indian, South Indian",1000,Sample Review Text...,5,Pubs and bars,Bengaluru
"Address_520, Bangalore",Resto_520,Yes,Yes,3.5,2139,080-7220742,Koramangala,Bakery,Sushi,"Beverages, Continental, Desserts, Italian, South Indian",3000,Sample Review Text...,5,Drinks & nightlife,Bengaluru
"Address_714, Bangalore",Resto_714,No,Yes,4,435,080-7785940,Marathahalli,Bar,Biryani,Thai,400,Sample Review Text...,1,Dine-out,Bengaluru
"Address_894, Bangalore",Resto_894,Yes,Yes,2.6,621,080-9097767,MG Road,Pub,Pizza,"Chinese, Continental, Desserts, Italian, North Indian",200,Sample Review Text...,5,Dine-out,Bengaluru
"Address_733, Bangalore",Resto_733,No,Yes,4.1,1002,080-1599695,Whitefield,Quick Service Restaurant,Pasta,"Desserts, Fast Food, Thai",1000,Sample Review Text...,3,Dine-out,Bengaluru
"Address_65, Bangalore",Empire Restaurant,Yes,No,2.4,2312,080-3427461,HSR Layout,Casual Dining,Pasta,"Beverages, Chinese, Fast Food, Italian, South Indian",3000,Sample Review Text...,5,Buffet,Bengaluru
"Address_592, Bangalore",Resto_592,No,Yes,2.9,2760,080-4667881,MG Road,Quick Service Restaurant,Burgers,"Desserts, Italian, North Indian, South Indian, Thai",3000,Sample Review Text...,5,Cafes,Bengaluru
"Address_122, Bangalore",Resto_122,No,No,2.6,547,080-4664338,Marathahalli,Cafe,Burgers,"Beverages, Fast Food, Mexican, Thai",2500,Sample Review Text...,4,Pubs and bars,Bengaluru
"Address_44, Bangalore",Pizza Hut,Yes,Yes,3.6,641,080-5743227,Koramangala,Bakery,Salad,"Continental, Desserts, Fast Food, North Indian",800,Sample Review Text...,4,Delivery,Bengaluru
"Address_770, Bangalore",Nandhana Palace,Yes,No,3.4,656,080-6878859,HSR Layout,Bakery,Pizza,"Fast Food, Mexican",3000,Sample Review Text...,2,Dine-out,Bengaluru
"Address_767, Bangalore",Pizza Hut,Yes,No,3.3,339,080-6938069,Jayanagar,Bakery,Pasta,"Fast Food, Italian, Mexican, North Indian, South Indian",800,Sample Review Text...,5,Buffet,Bengaluru
"Address_354, Bangalore",McDonald's,No,No,3.8,2650,080-1659867,Indiranagar,Quick Service Restaurant,Steak,"Chinese, Desserts, Mexican, South Indian, Thai",800,Sample Review Text...,5,Pubs and bars,Bengaluru
"Address_760, Bangalore",McDonald's,Yes,No,3.5,591,080-4736280,MG Road,Casual Dining,Pizza,"Beverages, Chinese, Mexican, North Indian, South Indian",200,Sample Review Text...,5,Cafes,Bengaluru
"Address_357, Bangalore",Leon Grill,Yes,Yes,3.5,579,080-3190059,Marathahalli,Fine Dining,Biryani,Desserts,3000,Sample Review Text...,1,Dine-out,Bengaluru
"Address_413, Bangalore",Resto_413,Yes,No,4,462,080-7169641,JP Nagar,Pub,Dosa,"Continental, Desserts, Italian, Mexican",600,Sample Review Text...,4,Delivery,Bengaluru
"Address_259, Bangalore",Resto_259,No,No,3.6,2312,080-9094465,JP Nagar,Pub,Pasta,"Fast Food, Italian, Mexican",2500,Sample Review Text...,3,Drinks & nightlife,Bengaluru
"Address_383, Bangalore",Burger King,Yes,Yes,4.7,1697,080-9230660,Jayanagar,Pub,Biryani,"Chinese, Fast Food, Italian, South Indian",1500,Sample Review Text...,4,Drinks & nightlife,Bengaluru
"Address_988, Bangalore",Onesta,No,No,4.8,260,080-8322660,Marathahalli,Bakery,Salad,"Beverages, Chinese, Continental, Desserts, Mexican",3000,Sample Review Text...,5,Pubs and bars,Bengaluru
"Address_615, Bangalore",Onesta,Yes,Yes,2.9,339,080-2011111,JP Nagar,Pub,Burgers,"Chinese, Italian",400,Sample Review Text...,2,Delivery,Bengaluru
"Address_256, Bangalore",Leon Grill,No,Yes,3.5,481,080-8239315,Indiranagar,Bakery,Steak,"Beverages, Fast Food",200,Sample Review Text...,2,Drinks & nightlife,Bengaluru
"Address_746, Bangalore",McDonald's,Yes,Yes,3.3,1122,080-8883139,Indiranagar,Casual Dining,Biryani,"South Indian, Thai",2000,Sample Review Text...,2,Pubs and bars,Bengaluru
"Address_655, Bangalore",Resto_655,No,Yes,2.1,1424,080-8282586,Koramangala,Pub,Steak,"Continental, Italian, North Indian",1200,Sample Review Text...,3,Pubs and bars,Bengaluru
"Address_127, Bangalore",Resto_127,No,Yes,4.7,2969,080-1563316,Indiranagar,Casual Dining,Salad,"Chinese, Fast Food, Italian, North Indian",400,Sample Review Text...,4,Buffet,Bengaluru
"Address_881, Bangalore",Onesta,No,Yes,3,1102,080-9907637,JP Nagar,Quick Service Restaurant,Burgers,"Fast Food, Italian, Mexican, South Indian",3000,Sample Review Text...,4,Delivery,Bengaluru
"Address_140, Bangalore",Resto_140,Yes,Yes,4.1,1631,080-7528964,Indiranagar,Quick Service Restaurant,Sushi,"Fast Food, Italian",3000,Sample Review Text...,2,Cafes,Bengaluru
"Address_845, Bangalore",Burger King,No,No,3.7,676,080-1523448,Marathahalli,Bakery,Biryani,"Beverages, Continental, Fast Food, Italian, North Indian",400,Sample Review Text...,5,Delivery,Bengaluru
"Address_24, Bangalore",Empire Restaurant,Yes,No,4.8,1352,080-7851696,JP Nagar,Fine Dining,Sushi,Continental,2500,Sample Review Text...,1,Cafes,Bengaluru
"Address_291, Bangalore",Burger King,No,No,3.5,904,080-2018380,Indiranagar,Casual Dining,Sushi,"Chinese, Desserts",2000,Sample Review Text...,2,Buffet,Bengaluru
"Address_932, Bangalore",Pizza Hut,Yes,No,4.8,2315,080-6987463,JP Nagar,Casual Dining,Salad,"Beverages, Desserts, Italian, South Indian",200,Sample Review Text...,4,Dine-out,Bengaluru
"Address_992, Bangalore",KFC,Yes,No,2.8,2803,080-3883285,JP Nagar,Cafe,Steak,"Beverages, Desserts, Italian, South Indian, Thai",600,Sample Review Text...,5,Buffet,Bengaluru
"Address_859, Bangalore",Resto_859,No,Yes,2.3,2800,080-4040589,Jayanagar,Pub,Salad,Beverages,2000,Sample Review Text...,1,Drinks & nightlife,Bengaluru
"Address_487, Bangalore",Resto_487,Yes,No,3,1847,080-8410303,Marathahalli,Bakery,Burgers,"Desserts, Fast Food, South Indian, Thai",1500,Sample Review Text...,4,Drinks & nightlife,Bengaluru
"Address_785, Bangalore",Resto_785,No,Yes,3.4,2893,080-9234422,Jayanagar,Casual Dining,Steak,"Beverages, Chinese, Continental",1000,Sample Review Text...,3,Pubs and bars,Bengaluru
"Address_263, Bangalore",Resto_263,Yes,Yes,2.3,1130,080-5773013,MG Road,Quick Service Restaurant,Sushi,"Italian, Mexican, North Indian, Thai",400,Sample Review Text...,4,Drinks & nightlife,Bengaluru
"Address_369, Bangalore",Resto_369,No,Yes,2.3,1965,080-7800818,Whitefield,Cafe,Pasta,"Desserts, Fast Food, Italian, North Indian",600,Sample Review Text...,4,Drinks & nightlife,Bengaluru
"Address_835, Bangalore",Burger King,Yes,No,4.6,604,080-5589441,Marathahalli,Fine Dining,Salad,"Beverages, Desserts, Mexican, South Indian",1200,Sample Review Text...,4,Drinks & nightlife,Bengaluru
"Address_577, Bangalore",Onesta,Yes,No,3.5,245,080-8107177,Koramangala,Pub,Salad,"Beverages, South Indian",200,Sample Review Text...,2,Buffet,Bengaluru
"Address_302, Bangalore",Leon Grill,Yes,Yes,2.7,2543,080-1381650,Jayanagar,Bar,Sushi,"Chinese, North Indian, Thai",1000,Sample Review Text...,3,Dine-out,Bengaluru
"Address_56, Bangalore",Resto_56,Yes,No,3.2,1000,080-7418028,MG Road,Pub,Burgers,"Fast Food, South Indian",400,Sample Review Text...,2,Cafes,Bengaluru
"Address_989, Bangalore",Leon Grill,No,Yes,4.2,2634,080-5518560,JP Nagar,Fine Dining,Biryani,"Beverages, Mexican, North Indian, South Indian, Thai",800,Sample Review Text...,5,Pubs and bars,Bengaluru
"Address_546, Bangalore",Resto_546,Yes,No,3.2,1552,080-2977453,Jayanagar,Quick Service Restaurant,Dosa,Thai,800,Sample Review Text...,1,Drinks & nightlife,Bengaluru
"Address_895, Bangalore",Leon Grill,No,Yes,3.5,1882,080-9724962,JP Nagar,Pub,Dosa,"Continental, Desserts, Thai",1200,Sample Review Text...,3,Buffet,Bengaluru
"Address_690, Bangalore",Resto_690,No,Yes,3.5,837,080-8950226,JP Nagar,Pub,Biryani,"Beverages, Chinese, Continental, Desserts, South Indian",600,Sample Review Text...,5,Drinks & nightlife,Bengaluru
"Address_740, Bangalore",Resto_740,Yes,No,3.6,880,080-8654679,Marathahalli,Quick Service Restaurant,Biryani,"Chinese, Italian, Mexican, North Indian, Thai",800,Sample Review Text...,5,Drinks & nightlife,Bengaluru
"Address_695, Bangalore",Onesta,No,No,2.9,320,080-5203347,HSR Layout,Cafe,Pizza,"Desserts, Mexican, South Indian",2000,Sample Review Text...,3,Buffet,Bengaluru
"Address_987, Bangalore",Resto_987,No,No,3.5,146,080-4288145,Marathahalli,Casual Dining,Pasta,"Italian, Mexican, South Indian",2000,Sample Review Text...,3,Delivery,Bengaluru
"Address_348, Bangalore",Resto_348,Yes,No,4,278,080-6897466,Koramangala,Bakery,Burgers,Beverages,400,Sample Review Text...,1,Pubs and bars,Bengaluru
"Address_21, Bangalore",Leon Grill,No,Yes,4.7,1686,080-4731818,HSR Layout,Quick Service Restaurant,Burgers,"Chinese, Mexican",200,Sample Review Text...,2,Cafes,Bengaluru
"Address_995, Bangalore",Onesta,Yes,Yes,4.4,1366,080-6160344,HSR Layout,Quick Service Restaurant,Pizza,Chinese,1200,Sample Review Text...,1,Drinks & nightlife,Bengaluru
"Address_113, Bangalore",KFC,No,No,4.1,255,080-6263895,Jayanagar,Pub,Pasta,"Beverages, Thai",2000,Sample Review Text...,2,Cafes,Bengaluru
"Address_286, Bangalore",Resto_286,Yes,Yes,3.7,2829,080-6677780,Marathahalli,Fine Dining,Biryani,"Chinese, Desserts, Mexican, South Indian, Thai",2000,Sample Review Text...,5,Delivery,Bengaluru
"Address_827, Bangalore",Resto_827,Yes,No,3.3,2710,080-6659210,Jayanagar,Cafe,Burgers,"Beverages, Chinese, Italian, North Indian, South Indian",2000,Sample Review Text...,5,Delivery,Bengaluru
"Address_12, Bangalore",Nandhana Palace,Yes,Yes,3.3,1728,080-1247595,Jayanagar,Quick Service Restaurant,Pizza,"Chinese, Desserts, Italian, Mexican",2500,Sample Review Text...,4,Dine-out,Bengaluru
"Address_679, Bangalore",McDonald's,No,No,4.3,1741,080-6701595,MG Road,Quick Service Restaurant,Biryani,Continental,2000,Sample Review Text...,1,Drinks & nightlife,Bengaluru
"Address_322, Bangalore",Resto_322,No,Yes,2.6,2520,080-4562439,MG Road,Bakery,Biryani,Thai,1200,Sample Review Text...,1,Pubs and bars,Bengaluru
"Address_591, Bangalore",Resto_591,No,No,3.6,658,080-6431331,MG Road,Quick Service Restaurant,Sushi,"Beverages, Italian, Mexican, North Indian, Thai",3000,Sample Review Text...,5,Delivery,Bengaluru
"Address_336, Bangalore",Empire Restaurant,Yes,Yes,2.8,2521,080-6109503,Marathahalli,Cafe,Steak,"Continental, Thai",3000,Sample Review Text...,2,Pubs and bars,Bengaluru
"Address_115, Bangalore",Resto_115,No,No,4,1555,080-2325893,MG Road,Bar,Sushi,"Continental, North Indian, South Indian",1000,Sample Review Text...,3,Cafes,Bengaluru
"Address_328, Bangalore",Onesta,No,Yes,3.5,180,080-4520626,Indiranagar,Quick Service Restaurant,Sushi,"Chinese, Continental, Fast Food, North Indian",3000,Sample Review Text...,4,Dine-out,Bengaluru
"Address_510, Bangalore",Burger King,No,No,2.6,1736,080-4378948,Jayanagar,Pub,Dosa,"Continental, Fast Food",3000,Sample Review Text...,2,Cafes,Bengaluru
"Address_47, Bangalore",Resto_47,Yes,No,3.3,1139,080-2754894,Jayanagar,Pub,Pasta,"Chinese, Desserts, Fast Food, South Indian",1500,Sample Review Text...,4,Drinks & nightlife,Bengaluru
"Address_162, Bangalore",McDonald's,Yes,No,3.2,867,080-6766993,Marathahalli,Quick Service Restaurant,Biryani,"Continental, South Indian, Thai",3000,Sample Review Text...,3,Delivery,Bengaluru
"Address_641, Bangalore",Resto_641,Yes,Yes,3.5,435,080-7443851,Marathahalli,Fine Dining,Steak,"Beverages, Italian, North Indian, Thai",600,Sample Review Text...,4,Delivery,Bengaluru
"Address_81, Bangalore",Empire Restaurant,No,Yes,3.4,617,080-3895058,Koramangala,Bakery,Biryani,Thai,400,Sample Review Text...,1,Dine-out,Bengaluru
"Address_990, Bangalore",McDonald's,No,No,3,1870,080-3951233,Koramangala,Casual Dining,Sushi,South Indian,1000,Sample Review Text...,1,Drinks & nightlife,Bengaluru
"Address_626, Bangalore",Resto_626,No,No,4.5,716,080-1689543,Whitefield,Fine Dining,Sushi,"Beverages, Mexican, Thai",1000,Sample Review Text...,3,Buffet,Bengaluru
"Address_398, Bangalore",Burger King,No,No,3.3,500,080-9357316,Whitefield,Bakery,Biryani,"Desserts, Italian, North Indian, South Indian",200,Sample Review Text...,4,Dine-out,Bengaluru
"Address_901, Bangalore",Nandhana Palace,Yes,Yes,2.6,696,080-5772192,MG Road,Bar,Pasta,"Beverages, Chinese, Continental, Desserts",2500,Sample Review Text...,4,Delivery,Bengaluru
"Address_215, Bangalore",Leon Grill,No,No,2.5,1652,080-3835093,Koramangala,Cafe,Pizza,"Italian, South Indian",200,Sample Review Text...,2,Drinks & nightlife,Bengaluru
"Address_416, Bangalore",Burger King,No,No,4.4,656,080-6482263,Whitefield,Pub,Salad,Thai,1500,Sample Review Text...,1,Pubs and bars,Bengaluru
"Address_586, Bangalore",McDonald's,No,Yes,3.5,1076,080-2766607,Koramangala,Pub,Dosa,Italian,2500,Sample Review Text...,1,Cafes,Bengaluru
"Address_227, Bangalore",Nandhana Palace,Yes,Yes,4.4,1195,080-7865417,JP Nagar,Fine Dining,Pizza,North Indian,600,Sample Review Text...,1,Drinks & nightlife,Bengaluru
"Address_791, Bangalore",Onesta,Yes,Yes,2.3,2798,080-8467647,Jayanagar,Pub,Biryani,"Desserts, Fast Food, South Indian",600,Sample Review Text...,3,Buffet,Bengaluru
"Address_945, Bangalore",Resto_945,Yes,Yes,3.7,1952,080-1712357,Whitefield,Bakery,Sushi,"Beverages, Chinese, Desserts, Mexican, South Indian",2500,Sample Review Text...,5,Cafes,Bengaluru
"Address_146, Bangalore",Resto_146,Yes,No,3.8,1349,080-4369728,Marathahalli,Quick Service Restaurant,Salad,"Beverages, Continental, Fast Food, South Indian",3000,Sample Review Text...,4,Drinks & nightlife,Bengaluru
"Address_581, Bangalore",Resto_581,Yes,No,3.5,1460,080-2633762,Whitefield,Bakery,Sushi,"Beverages, Italian, Mexican, South Indian, Thai",600,Sample Review Text...,5,Cafes,Bengaluru
"Address_523, Bangalore",Onesta,Yes,No,2.6,586,080-9089445,Koramangala,Cafe,Burgers,"Chinese, Continental, Desserts, Fast Food",2000,Sample Review Text...,4,Dine-out,Bengaluru
"Address_863, Bangalore",Pizza Hut,No,No,3.5,357,080-3717830,Whitefield,Fine Dining,Pizza,"Desserts, Italian, Mexican",600,Sample Review Text...,3,Buffet,Bengaluru
"Address_19, Bangalore",Empire Restaurant,Yes,No,2.1,1366,080-2262382,Jayanagar,Fine Dining,Pasta,"Desserts, Mexican, South Indian",2500,Sample Review Text...,3,Buffet,Bengaluru
"Address_183, Bangalore",Leon Grill,Yes,No,4.7,207,080-4602338,Jayanagar,Pub,Pasta,"Desserts, Italian, Mexican, North Indian",1500,Sample Review Text...,4,Drinks & nightlife,Bengaluru
"Address_735, Bangalore",Resto_735,No,No,2.1,866,080-3859007,Whitefield,Cafe,Sushi,"Beverages, Continental, Desserts, North Indian, Thai",2500,Sample Review Text...,5,Pubs and bars,Bengaluru
"Address_475, Bangalore",Empire Restaurant,No,No,3.8,1683,080-2699161,HSR Layout,Bar,Sushi,"Desserts, Fast Food, Italian, Mexican, North Indian",1000,Sample Review Text...,5,Pubs and bars,Bengaluru
"Address_486, Bangalore",KFC,No,Yes,4.6,2340,080-5950084,Jayanagar,Bar,Salad,"Beverages, Chinese, Continental",600,Sample Review Text...,3,Buffet,Bengaluru
"Address_962, Bangalore",Empire Restaurant,Yes,No,4.6,362,080-4571088,Koramangala,Bakery,Pizza,"Chinese, Desserts",1200,Sample Review Text...,2,Dine-out,Bengaluru
"Address_245, Bangalore",Pizza Hut,Yes,No,3.5,2972,080-4246367,Marathahalli,Quick Service Restaurant,Sushi,"Chinese, Italian, South Indian",1000,Sample Review Text...,3,Cafes,Bengaluru
"Address_704, Bangalore",Resto_704,No,No,2.5,816,080-7100417,Jayanagar,Quick Service Restaurant,Sushi,"Chinese, Continental, Desserts",2000,Sample Review Text...,3,Pubs and bars,Bengaluru
"Address_266, Bangalore",McDonald's,Yes,No,2.3,2759,080-4190481,JP Nagar,Casual Dining,Salad,"Chinese, Desserts, Fast Food, South Indian, Thai",3000,Sample Review Text...,5,Pubs and bars,Bengaluru
"Address_116, Bangalore",Onesta,Yes,Yes,2.8,2302,080-1851702,Whitefield,Cafe,Burgers,Fast Food,3000,Sample Review Text...,1,Pubs and bars,Bengaluru
"Address_90, Bangalore",Onesta,Yes,Yes,3.4,2195,080-5035998,unknown,Fine Dining,Steak,"Beverages, Desserts, Fast Food, Italian, South Indian",1000,Sample Review Text...,5,Dine-out,Bengaluru
"Address_63, Bangalore",Pizza Hut,No,Yes,3.5,2201,080-2661307,Jayanagar,Bakery,Salad,"Beverages, Continental, Mexican, Thai",600,Sample Review Text...,4,Buffet,Bengaluru
"Address_163, Bangalore",Resto_163,No,Yes,4.5,1807,080-7047102,Marathahalli,Casual Dining,Dosa,"Chinese, Continental, Italian, South Indian",1000,Sample Review Text...,4,Delivery,Bengaluru
"Address_516, Bangalore",Resto_516,No,No,3.5,2183,080-6777952,MG Road,Pub,Pasta,"Beverages, Chinese, Mexican",3000,Sample Review Text...,3,Drinks & nightlife,Bengaluru
"Address_76, Bangalore",Resto_76,Yes,No,3.5,173,080-8007741,MG Road,Casual Dining,Dosa,"Chinese, Continental, Mexican, Thai",1500,Sample Review Text...,4,Delivery,Bengaluru
"Address_805, Bangalore",Resto_805,Yes,Yes,3.5,14,080-2240239,Koramangala,Bar,Biryani,"Chinese, Fast Food, Italian, Mexican",200,Sample Review Text...,4,Pubs and bars,Bengaluru
"Address_644, Bangalore",Resto_644,Yes,Yes,3.2,2238,080-8947918,Indiranagar,Quick Service Restaurant,Sushi,"Beverages, Desserts",800,Sample Review Text...,2,Drinks & nightlife,Bengaluru
"Address_103, Bangalore",Resto_103,No,Yes,3.8,382,080-1476028,Jayanagar,Pub,Pizza,"Continental, Fast Food, Mexican, South Indian, Thai",200,Sample Review Text...,5,Delivery,Bengaluru
"Address_98, Bangalore",Resto_98,Yes,Yes,3.4,1585,080-3277144,Indiranagar,Quick Service Restaurant,Pizza,"Continental, Desserts, Italian",2000,Sample Review Text...,3,Cafes,Bengaluru
"Address_272, Bangalore",Resto_272,No,Yes,4.5,2117,080-2007243,JP Nagar,Bar,Burgers,"Continental, Fast Food, Italian, North Indian",400,Sample Review Text...,4,Drinks & nightlife,Bengaluru
"Address_508, Bangalore",Resto_508,Yes,No,2.8,97,080-5166421,HSR Layout,Bar,Burgers,"Beverages, Italian, Thai",2500,Sample Review Text...,3,Buffet,Bengaluru
"Address_434, Bangalore",Resto_434,No,No,3.3,2745,080-5350628,Marathahalli,Pub,Pizza,"Italian, South Indian, Thai",600,Sample Review Text...,3,Cafes,Bengaluru
"Address_763, Bangalore",Resto_763,No,No,3.3,2419,080-1574205,Whitefield,Bar,Steak,"Mexican, Thai",1200,Sample Review Text...,2,Pubs and bars,Bengaluru
"Address_110, Bangalore",Resto_110,No,Yes,3.5,561,080-6344047,JP Nagar,Bar,Pasta,"Beverages, Continental, Desserts, South Indian",2500,Sample Review Text...,4,Cafes,Bengaluru
"Address_482, Bangalore",Resto_482,Yes,No,4.6,1386,080-8276581,HSR Layout,Quick Service Restaurant,Pizza,"Beverages, Desserts, Italian, Thai",600,Sample Review Text...,4,Delivery,Bengaluru
"Address_279, Bangalore",Leon Grill,No,No,2,2014,080-1121097,Marathahalli,Quick Service Restaurant,Sushi,Mexican,1000,Sample Review Text...,1,Dine-out,Bengaluru
"Address_603, Bangalore",Resto_603,Yes,Yes,3.5,1404,080-4235406,JP Nagar,Bakery,Biryani,"Beverages, Chinese, Continental, Fast Food, North Indian",1000,Sample Review Text...,5,Buffet,Bengaluru
"Address_384, Bangalore",Pizza Hut,No,No,4.3,630,080-5106228,Whitefield,Quick Service Restaurant,Biryani,"Chinese, Continental, Fast Food, Mexican",2000,Sample Review Text...,4,Delivery,Bengaluru
"Address_498, Bangalore",McDonald's,No,No,2.6,182,080-7699844,Marathahalli,Casual Dining,Burgers,Desserts,1500,Sample Review Text...,1,Cafes,Bengaluru
"Address_358, Bangalore",Pizza Hut,Yes,No,4.4,261,080-7744585,Indiranagar,Casual Dining,Sushi,"Chinese, Fast Food, Italian, Mexican",800,Sample Review Text...,4,Delivery,Bengaluru
"Address_138, Bangalore",Resto_138,Yes,No,4.5,2677,080-2387242,Koramangala,Casual Dining,Salad,"Desserts, Fast Food, Mexican, North Indian",200,Sample Review Text...,4,Cafes,Bengaluru
"Address_299, Bangalore",Resto_299,No,No,3.7,368,080-1827302,HSR Layout,Bakery,Steak,"Beverages, Mexican, South Indian",1200,Sample Review Text...,3,Drinks & nightlife,Bengaluru
"Address_913, Bangalore",Empire Restaurant,Yes,Yes,4.3,1106,080-5669108,Jayanagar,Casual Dining,Pizza,"Chinese, Continental, Desserts, Thai",400,Sample Review Text...,4,Drinks & nightlife,Bengaluru
"Address_382, Bangalore",Onesta,No,No,4.3,1736,080-9813089,MG Road,Cafe,Sushi,"Beverages, Chinese, Desserts, Fast Food, South Indian",2000,Sample Review Text...,5,Delivery,Bengaluru
"Address_864, Bangalore",Resto_864,Yes,No,3.6,2282,080-1666991,Whitefield,Bakery,Burgers,South Indian,3000,Sample Review Text...,1,Dine-out,Bengaluru
"Address_496, Bangalore",KFC,No,No,3.7,373,080-4012820,Whitefield,Fine Dining,Steak,"Beverages, Continental, Mexican, Thai",600,Sample Review Text...,4,Cafes,Bengaluru
"Address_801, Bangalore",Resto_801,Yes,Yes,3.4,520,080-2130790,Koramangala,Bakery,Burgers,"Chinese, Fast Food, Italian, North Indian",1500,Sample Review Text...,4,Cafes,Bengaluru
"Address_648, Bangalore",Nandhana Palace,No,Yes,2.1,145,080-4821097,Marathahalli,Pub,Biryani,"Mexican, Thai",2000,Sample Review Text...,2,Delivery,Bengaluru
"Address_415, Bangalore",Pizza Hut,No,Yes,4.2,1218,080-5597569,HSR Layout,Bar,Pizza,"Desserts, Thai",1500,Sample Review Text...,2,Cafes,Bengaluru
"Address_353, Bangalore",Resto_353,Yes,No,3.7,2111,080-9087731,Marathahalli,Bakery,Pizza,"Chinese, Italian, Mexican, North Indian",1500,Sample Review Text...,4,Buffet,Bengaluru
"Address_553, Bangalore",Resto_553,No,Yes,4.3,422,080-4224201,Jayanagar,Cafe,Pasta,"Beverages, Chinese, Desserts, Italian, South Indian",200,Sample Review Text...,5,Cafes,Bengaluru
"Address_802, Bangalore",Onesta,Yes,No,2.1,2062,080-3562057,HSR Layout,Bar,Sushi,"North Indian, Thai",3000,Sample Review Text...,2,Drinks & nightlife,Bengaluru
"Address_378, Bangalore",Resto_378,Yes,No,2.4,1836,080-8684648,Jayanagar,Pub,Sushi,"Chinese, Mexican, North Indian",2000,Sample Review Text...,3,Dine-out,Bengaluru
"Address_364, Bangalore",Leon Grill,Yes,Yes,2.3,963,080-2847722,Marathahalli,Pub,Sushi,"Beverages, Fast Food, Italian, Mexican, Thai",1200,Sample Review Text...,5,Dine-out,Bengaluru
"Address_304, Bangalore",Empire Restaurant,Yes,No,3.9,2703,080-7484783,JP Nagar,Bar,Burgers,North Indian,1000,Sample Review Text...,1,Cafes,Bengaluru
"Address_488, Bangalore",McDonald's,Yes,No,3.5,2636,080-4360587,Indiranagar,Bar,Sushi,"Beverages, Chinese, Italian",400,Sample Review Text...,3,Dine-out,Bengaluru
"Address_164, Bangalore",Resto_164,Yes,Yes,2.9,2864,080-2307594,HSR Layout,Bakery,Pasta,Chinese,200,Sample Review Text...,1,Buffet,Bengaluru
"Address_68, Bangalore",Onesta,No,Yes,2.9,607,080-9901266,Indiranagar,Cafe,Dosa,"Beverages, Fast Food, Thai",1500,Sample Review Text...,3,Cafes,Bengaluru
"Address_973, Bangalore",Burger King,No,No,3.5,225,080-6617699,Indiranagar,Bar,Biryani,"Beverages, Chinese, Italian, North Indian",800,Sample Review Text...,4,Delivery,Bengaluru
"Address_814, Bangalore",Onesta,Yes,Yes,4.9,1484,080-6700506,Marathahalli,Pub,Pizza,"Desserts, Italian, North Indian, South Indian, Thai",3000,Sample Review Text...,5,Drinks & nightlife,Bengaluru
"Address_499, Bangalore",Resto_499,No,Yes,2.4,2745,080-5683223,Marathahalli,Bakery,Pasta,"Chinese, Fast Food, Italian, Thai",2000,Sample Review Text...,4,Dine-out,Bengaluru
"Address_637, Bangalore",Resto_637,Yes,Yes,4.2,985,080-9270565,Jayanagar,Pub,Sushi,"Beverages, Desserts, Italian, Mexican, South Indian",400,Sample Review Text...,5,Pubs and bars,Bengaluru
"Address_800, Bangalore",Resto_800,Yes,No,3.5,2199,080-5387228,JP Nagar,Cafe,Pizza,"Beverages, Continental, Mexican",1000,Sample Review Text...,3,Delivery,Bengaluru
"Address_58, Bangalore",Resto_58,No,Yes,4.5,436,080-1822825,HSR Layout,Bakery,Salad,"Beverages, Continental, Fast Food, North Indian, Thai",1500,Sample Review Text...,5,Drinks & nightlife,Bengaluru
"Address_368, Bangalore",Empire Restaurant,No,Yes,3.5,1927,080-1208423,Koramangala,Bakery,Steak,"Chinese, Desserts, Fast Food, Italian, Mexican",800,Sample Review Text...,5,Dine-out,Bengaluru
"Address_940, Bangalore",Resto_940,Yes,No,3.8,1823,080-7300282,Whitefield,Quick Service Restaurant,Salad,"Fast Food, Italian, North Indian",800,Sample Review Text...,3,Delivery,Bengaluru
"Address_889, Bangalore",Leon Grill,No,No,2,930,080-7975966,Marathahalli,Quick Service Restaurant,Biryani,"Beverages, Desserts, Mexican, South Indian",800,Sample Review Text...,4,Dine-out,Bengaluru
"Address_966, Bangalore",Empire Restaurant,No,No,2.5,2448,080-8653803,MG Road,Bar,Pizza,"Beverages, Continental, Desserts, Fast Food, Mexican",3000,Sample Review Text...,5,Buffet,Bengaluru
"Address_123, Bangalore",Nandhana Palace,No,No,3.5,2310,080-4446065,Indiranagar,Casual Dining,Salad,"Beverages, Chinese, Desserts, Italian, South Indian",2500,Sample Review Text...,5,Delivery,Bengaluru
"Address_169, Bangalore",Leon Grill,No,No,4,1929,080-7676912,Indiranagar,Casual Dining,Dosa,"Beverages, Chinese, Continental, Fast Food, North Indian",200,Sample Review Text...,5,Pubs and bars,Bengaluru
"Address_840, Bangalore",KFC,No,Yes,3.5,952,080-7640569,Jayanagar,Bar,Biryani,"Beverages, Thai",1200,Sample Review Text...,2,Buffet,Bengaluru
"Address_710, Bangalore",Leon Grill,Yes,Yes,2.2,967,080-7279004,HSR Layout,Bakery,Biryani,Italian,600,Sample Review Text...,1,Cafes,Bengaluru
"Address_121, Bangalore",McDonald's,No,Yes,3,967,080-9430894,Koramangala,Fine Dining,Dosa,Desserts,1000,Sample Review Text...,1,Pubs and bars,Bengaluru
"Address_790, Bangalore",Empire Restaurant,Yes,No,3.5,7,080-2164158,Koramangala,Casual Dining,Pasta,"Continental, Mexican, North Indian",3000,Sample Review Text...,3,Dine-out,Bengaluru
"Address_541, Bangalore",Nandhana Palace,Yes,No,4.3,391,080-7535788,JP Nagar,Fine Dining,Pasta,"Beverages, Continental, Desserts, Fast Food, North Indian",200,Sample Review Text...,5,Drinks & nightlife,Bengaluru
"Address_244, Bangalore",McDonald's,Yes,No,4.5,583,080-1912484,Jayanagar,Cafe,Salad,"Continental, Fast Food",800,Sample Review Text...,2,Pubs and bars,Bengaluru
"Address_124, Bangalore",Onesta,Yes,No,3.2,2309,080-2225232,Koramangala,Pub,Biryani,"Continental, Mexican, North Indian, South Indian",200,Sample Review Text...,4,Cafes,Bengaluru
"Address_882, Bangalore",McDonald's,Yes,Yes,3.5,650,080-3376224,Indiranagar,Pub,Steak,"Beverages, Chinese, Continental, North Indian, South Indian",2000,Sample Review Text...,5,Drinks & nightlife,Bengaluru
"Address_772, Bangalore",KFC,No,No,3.6,2498,080-1687389,Marathahalli,Cafe,Steak,Thai,1000,Sample Review Text...,1,Drinks & nightlife,Bengaluru
"Address_233, Bangalore",Resto_233,No,Yes,4,2301,080-7502088,HSR Layout,Fine Dining,Steak,"Continental, Fast Food, Italian, Mexican, Thai",200,Sample Review Text...,5,Pubs and bars,Bengaluru
"Address_447, Bangalore",Leon Grill,No,Yes,2.1,2627,080-6105693,Jayanagar,Pub,Sushi,Beverages,1000,Sample Review Text...,1,Drinks & nightlife,Bengaluru
"Address_846, Bangalore",Empire Restaurant,No,No,3.6,653,080-8004270,Indiranagar,Casual Dining,Biryani,"Fast Food, Italian, Mexican",1200,Sample Review Text...,3,Drinks & nightlife,Bengaluru
"Address_429, Bangalore",Pizza Hut,No,Yes,3.6,2466,080-4493397,MG Road,Casual Dining,Pasta,"Continental, Italian, Mexican, South Indian",1500,Sample Review Text...,4,Cafes,Bengaluru
"Address_154, Bangalore",Resto_154,No,Yes,4.5,2528,080-6123426,Jayanagar,Bar,Pizza,"Chinese, Fast Food, South Indian",1200,Sample Review Text...,3,Dine-out,Bengaluru
"Address_665, Bangalore",Resto_665,Yes,No,3.8,1838,080-5366756,MG Road,Cafe,Dosa,"Beverages, Desserts, Italian, Mexican, South Indian",3000,Sample Review Text...,5,Drinks & nightlife,Bengaluru
"Address_905, Bangalore",McDonald's,Yes,No,2.2,128,080-6428764,Whitefield,Bakery,Salad,"Desserts, Fast Food",1500,Sample Review Text...,2,Dine-out,Bengaluru
"Address_719, Bangalore",Onesta,No,No,3.3,2528,080-2696557,HSR Layout,Bar,Steak,"Beverages, Desserts, Fast Food, North Indian, South Indian",1200,Sample Review Text...,5,Buffet,Bengaluru
"Address_442, Bangalore",Resto_442,Yes,Yes,2.8,2772,080-4759700,Jayanagar,Cafe,Salad,"Chinese, Fast Food, Italian, North Indian, Thai",3000,Sample Review Text...,5,Drinks & nightlife,Bengaluru
"Address_841, Bangalore",Onesta,Yes,No,2.1,2415,080-2352703,Koramangala,Cafe,Sushi,"Desserts, Fast Food",200,Sample Review Text...,2,Buffet,Bengaluru
"Address_985, Bangalore",Leon Grill,Yes,Yes,3.2,1870,080-1271225,Koramangala,Pub,Pasta,"Beverages, Continental, Desserts, Fast Food, Italian",3000,Sample Review Text...,5,Dine-out,Bengaluru
"Address_433, Bangalore",Burger King,No,Yes,4.1,1037,080-4056945,JP Nagar,Quick Service Restaurant,Steak,"Beverages, Chinese, Desserts, North Indian, Thai",2000,Sample Review Text...,5,Delivery,Bengaluru
"Address_624, Bangalore",Nandhana Palace,No,No,4.1,2235,080-6599209,Whitefield,Fine Dining,Salad,"Continental, Desserts, North Indian, Thai",1200,Sample Review Text...,4,Delivery,Bengaluru
"Address_387, Bangalore",Resto_387,Yes,Yes,4.5,2805,080-9693462,Whitefield,Quick Service Restaurant,Dosa,"Beverages, Chinese, Thai",600,Sample Review Text...,3,Drinks & nightlife,Bengaluru
"Address_30, Bangalore",Resto_30,Yes,Yes,3.5,1669,080-1327691,JP Nagar,Pub,Steak,"Fast Food, Italian, Mexican, North Indian",1500,Sample Review Text...,4,Cafes,Bengaluru
"Address_485, Bangalore",McDonald's,No,No,4.1,2152,080-4476232,Marathahalli,Fine Dining,Burgers,"Continental, Desserts, Mexican, Thai",3000,Sample Review Text...,4,Dine-out,Bengaluru
"Address_203, Bangalore",Resto_203,No,Yes,3.5,2329,080-1848243,Koramangala,Cafe,Sushi,"Italian, North Indian",800,Sample Review Text...,2,Pubs and bars,Bengaluru
"Address_711, Bangalore",Resto_711,Yes,No,3.1,870,080-3240199,Marathahalli,Fine Dining,Steak,"Beverages, Chinese, Desserts, Italian",600,Sample Review Text...,4,Drinks & nightlife,Bengaluru
"Address_627, Bangalore",Resto_627,No,No,4.8,2043,080-3728089,Jayanagar,Bakery,Dosa,"Beverages, Continental",3000,Sample Review Text...,2,Cafes,Bengaluru
"Address_687, Bangalore",Resto_687,No,Yes,3.5,2021,080-7820513,Whitefield,Bakery,Biryani,"North Indian, South Indian, Thai",1200,Sample Review Text...,3,Drinks & nightlife,Bengaluru
"Address_391, Bangalore",Resto_391,Yes,No,3.5,1036,080-4355853,Koramangala,Casual Dining,Pasta,"Beverages, Chinese, North Indian",3000,Sample Review Text...,3,Pubs and bars,Bengaluru
"Address_319, Bangalore",Empire Restaurant,Yes,No,2.5,1164,080-7357547,Jayanagar,Bakery,Pizza,"Chinese, Mexican, North Indian, South Indian, Thai",1200,Sample Review Text...,5,Cafes,Bengaluru
"Address_952, Bangalore",McDonald's,No,Yes,4.3,2953,080-8882473,JP Nagar,Quick Service Restaurant,Steak,"Continental, Italian, Mexican, South Indian, Thai",200,Sample Review Text...,5,Drinks & nightlife,Bengaluru
"Address_394, Bangalore",Resto_394,Yes,No,3.5,1287,080-7060776,Indiranagar,Bakery,Dosa,Beverages,600,Sample Review Text...,1,Buffet,Bengaluru
"Address_125, Bangalore",Resto_125,Yes,Yes,2.2,1933,080-7333337,Koramangala,Quick Service Restaurant,Steak,"Beverages, Fast Food, Mexican, South Indian",1500,Sample Review Text...,4,Delivery,Bengaluru
"Address_474, Bangalore",Nandhana Palace,No,Yes,3.7,350,080-8245056,Koramangala,Casual Dining,Pizza,"Chinese, North Indian, South Indian, Thai",2000,Sample Review Text...,4,Delivery,Bengaluru
"Address_478, Bangalore",Leon Grill,Yes,Yes,4.4,223,080-8981342,MG Road,Quick Service Restaurant,Salad,"Fast Food, Italian",400,Sample Review Text...,2,Buffet,Bengaluru
"Address_426, Bangalore",Burger King,Yes,No,3.5,1460,080-5766683,Marathahalli,Bakery,Pasta,"Beverages, Chinese, Fast Food, South Indian",400,Sample Review Text...,4,Dine-out,Bengaluru
"Address_753, Bangalore",Resto_753,Yes,No,3.9,820,080-9949336,JP Nagar,Fine Dining,Biryani,"Chinese, Desserts, Fast Food, Italian, South Indian",600,Sample Review Text...,5,Dine-out,Bengaluru
"Address_443, Bangalore",McDonald's,Yes,No,4.5,2111,080-2861110,Indiranagar,Fine Dining,Pizza,Desserts,2000,Sample Review Text...,1,Buffet,Bengaluru
"Address_842, Bangalore",Leon Grill,No,Yes,2,2570,080-4284516,Whitefield,Quick Service Restaurant,Sushi,"Beverages, Chinese, Desserts, Mexican, Thai",3000,Sample Review Text...,5,Drinks & nightlife,Bengaluru
"Address_908, Bangalore",Resto_908,No,No,4.9,2508,080-8657731,HSR Layout,Bakery,Biryani,Desserts,3000,Sample Review Text...,1,Drinks & nightlife,Bengaluru
"Address_147, Bangalore",Resto_147,No,No,4,2011,080-4018677,HSR Layout,Quick Service Restaurant,Biryani,"Continental, Mexican, North Indian, Thai",3000,Sample Review Text...,4,Pubs and bars,Bengaluru
"Address_922, Bangalore",Resto_922,No,No,2.8,2420,080-3125026,HSR Layout,Casual Dining,Pasta,"Chinese, Fast Food, South Indian",200,Sample Review Text...,3,Pubs and bars,Bengaluru
"Address_192, Bangalore",Resto_192,No,Yes,2.1,1794,080-9044494,MG Road,Cafe,Burgers,"Continental, Desserts, Mexican, Thai",1500,Sample Review Text...,4,Dine-out,Bengaluru
"Address_567, Bangalore",Empire Restaurant,Yes,Yes,4.4,2897,080-9034749,Indiranagar,Cafe,Pasta,"Desserts, Fast Food",600,Sample Review Text...,2,Dine-out,Bengaluru
"Address_420, Bangalore",Onesta,No,Yes,2.6,1090,080-5747402,Whitefield,Fine Dining,Burgers,"Desserts, Fast Food, Mexican, South Indian",800,Sample Review Text...,4,Cafes,Bengaluru
"Address_195, Bangalore",Onesta,Yes,Yes,3.2,1206,080-5895783,Marathahalli,Cafe,Pizza,North Indian,800,Sample Review Text...,1,Cafes,Bengaluru
"Address_6, Bangalore",Burger King,Yes,No,4.9,2167,080-6707197,Whitefield,Pub,Pizza,Chinese,2500,Sample Review Text...,1,Drinks & nightlife,Bengaluru
"Address_667, Bangalore",Onesta,Yes,Yes,4.4,98,080-6945304,Jayanagar,Casual Dining,Pasta,"Beverages, Fast Food",1500,Sample Review Text...,2,Cafes,Bengaluru
"Address_439, Bangalore",Empire Restaurant,No,No,2.8,2655,080-6817736,MG Road,Bakery,Salad,Desserts,3000,Sample Review Text...,1,Pubs and bars,Bengaluru
"Address_289, Bangalore",Resto_289,No,Yes,3.8,1491,080-9347489,HSR Layout,Quick Service Restaurant,Pasta,Beverages,1500,Sample Review Text...,1,Buffet,Bengaluru
"Address_678, Bangalore",Leon Grill,No,No,3,1630,080-4608882,unknown,Bar,Steak,"Desserts, Italian, Mexican, North Indian",1000,Sample Review Text...,4,Delivery,Bengaluru
"Address_877, Bangalore",Pizza Hut,No,Yes,3.5,1664,080-5005908,HSR Layout,Cafe,Dosa,"Beverages, Chinese, Fast Food, South Indian",1000,Sample Review Text...,4,Cafes,Bengaluru
"Address_901, Bangalore",Nandhana Palace,Yes,Yes,2.6,696,080-5772192,unknown,Bar,Pasta,"Beverages, Chinese, Continental, Desserts",2500,Sample Review Text...,4,Delivery,Bengaluru
"Address_671, Bangalore",Resto_671,No,Yes,2.5,1179,080-4886854,Whitefield,Bakery,Dosa,"Beverages, Continental, Italian, South Indian",3000,Sample Review Text...,4,Dine-out,Bengaluru
"Address_559, Bangalore",Nandhana Palace,No,Yes,3.5,2063,080-4190874,Koramangala,Cafe,Steak,"Continental, Desserts, Fast Food, North Indian, South Indian",200,Sample Review Text...,5,Cafes,Bengaluru
"Address_74, Bangalore",Resto_74,Yes,Yes,3.9,1989,080-5752087,Marathahalli,Bakery,Salad,"Beverages, Chinese, Italian",1200,Sample Review Text...,3,Buffet,Bengaluru
"Address_359, Bangalore",Leon Grill,No,Yes,3.7,1374,080-8359513,Indiranagar,Casual Dining,Burgers,"Fast Food, Mexican, South Indian",1200,Sample Review Text...,3,Buffet,Bengaluru
"Address_22, Bangalore",Resto_22,Yes,Yes,3.5,791,080-9996207,MG Road,Quick Service Restaurant,Sushi,"Chinese, Continental, Thai",2500,Sample Review Text...,3,Delivery,Bengaluru
"Address_883, Bangalore",Leon Grill,Yes,No,3.5,949,080-8889458,Indiranagar,Pub,Steak,Fast Food,600,Sample Review Text...,1,Dine-out,Bengaluru
"Address_171, Bangalore",Resto_171,Yes,No,4.1,977,080-1923227,Koramangala,Cafe,Dosa,Mexican,400,Sample Review Text...,1,Pubs and bars,Bengaluru
"Address_155, Bangalore",Resto_155,Yes,No,2.4,1571,080-6277776,MG Road,Cafe,Salad,"Beverages, Fast Food, Italian, South Indian",1000,Sample Review Text...,4,Buffet,Bengaluru
"Address_194, Bangalore",Leon Grill,No,Yes,3.5,1356,080-2609202,HSR Layout,Cafe,Biryani,"Beverages, Continental, Fast Food, Thai",1000,Sample Review Text...,4,Cafes,Bengaluru
"Address_450, Bangalore",Nandhana Palace,Yes,No,3.5,507,080-1087466,Koramangala,Bar,Salad,Desserts,1000,Sample Review Text...,1,Drinks & nightlife,Bengaluru
"Address_363, Bangalore",Onesta,No,Yes,4.7,221,080-8602555,JP Nagar,Quick Service Restaurant,Biryani,"Continental, Mexican",1200,Sample Review Text...,2,Delivery,Bengaluru
"Address_187, Bangalore",Leon Grill,Yes,Yes,4.3,2857,080-4158036,JP Nagar,Pub,Salad,Thai,3000,Sample Review Text...,1,Buffet,Bengaluru
"Address_29, Bangalore",Resto_29,Yes,No,3.5,2567,080-2351868,HSR Layout,Quick Service Restaurant,Pasta,"Chinese, Continental, Italian, South Indian",1200,Sample Review Text...,4,Dine-out,Bengaluru
"Address_633, Bangalore",Resto_633,Yes,No,4.5,1885,080-2634085,Koramangala,Casual Dining,Dosa,Continental,400,Sample Review Text...,1,Buffet,Bengaluru
"Address_678, Bangalore",Leon Grill,No,No,3,1630,080-4608882,Jayanagar,Bar,Steak,"Desserts, Italian, Mexican, North Indian",1000,Sample Review Text...,4,Delivery,Bengaluru
"Address_428, Bangalore",Resto_428,No,No,4.8,2433,080-3169632,Koramangala,Quick Service Restaurant,Burgers,Fast Food,2000,Sample Review Text...,1,Delivery,Bengaluru
"Address_610, Bangalore",Resto_610,Yes,No,3.5,2358,080-1656328,Koramangala,Bakery,Sushi,"Mexican, North Indian, South Indian",2500,Sample Review Text...,3,Pubs and bars,Bengaluru
"Address_792, Bangalore",Resto_792,Yes,No,2.3,2797,080-6660577,Jayanagar,Pub,Salad,"Beverages, Chinese, Continental, Desserts, South Indian",600,Sample Review Text...,5,Pubs and bars,Bengaluru
"Address_796, Bangalore",Resto_796,Yes,Yes,3.1,1440,080-1750288,Koramangala,Bar,Burgers,"Beverages, Continental, Fast Food, South Indian",1200,Sample Review Text...,4,Delivery,Bengaluru
"Address_106, Bangalore",Resto_106,No,Yes,2.1,1573,080-9359508,MG Road,Cafe,Salad,"Fast Food, Thai",800,Sample Review Text...,2,Cafes,Bengaluru
"Address_925, Bangalore",KFC,Yes,Yes,2.7,190,080-4526654,Indiranagar,Fine Dining,Pizza,"Continental, Italian, North Indian, South Indian",3000,Sample Review Text...,4,Pubs and bars,Bengaluru
"Address_276, Bangalore",Resto_276,No,Yes,3.2,391,080-3605071,Indiranagar,Bakery,Pizza,"Beverages, Continental, Fast Food, Mexican, North Indian",400,Sample Review Text...,5,Pubs and bars,Bengaluru
"Address_293, Bangalore",Resto_293,Yes,Yes,3.6,432,080-9467339,JP Nagar,Fine Dining,Sushi,"Chinese, Fast Food, Mexican, South Indian",600,Sample Review Text...,4,Pubs and bars,Bengaluru
"Address_909, Bangalore",Resto_909,No,Yes,4.5,1898,080-5263793,HSR Layout,Quick Service Restaurant,Steak,"Continental, Desserts, Italian, South Indian, Thai",200,Sample Review Text...,5,Drinks & nightlife,Bengaluru
"Address_407, Bangalore",KFC,No,No,3.5,2750,080-9937547,Jayanagar,Casual Dining,Steak,"Desserts, Italian, Mexican, South Indian, Thai",2000,Sample Review Text...,5,Buffet,Bengaluru
"Address_278, Bangalore",Leon Grill,No,No,3.9,1268,080-6093108,JP Nagar,Bakery,Biryani,"Chinese, Desserts, Italian, Mexican, South Indian",1500,Sample Review Text...,5,Delivery,Bengaluru
"Address_222, Bangalore",Burger King,Yes,Yes,4.1,652,080-3192032,Indiranagar,Bakery,Salad,"Continental, Desserts, Fast Food, Italian, South Indian",1200,Sample Review Text...,5,Cafes,Bengaluru
"Address_824, Bangalore",Pizza Hut,No,Yes,3.5,257,080-8481497,Marathahalli,Quick Service Restaurant,Biryani,Fast Food,1500,Sample Review Text...,1,Pubs and bars,Bengaluru
"Address_573, Bangalore",McDonald's,Yes,Yes,3.6,2206,080-4679813,Marathahalli,Pub,Pizza,"Chinese, Continental, Italian, Mexican, Thai",1500,Sample Review Text...,5,Dine-out,Bengaluru
"Address_212, Bangalore",Onesta,Yes,No,2.5,331,080-4512853,Marathahalli,Quick Service Restaurant,Pasta,"North Indian, Thai",200,Sample Review Text...,2,Buffet,Bengaluru
"Address_356, Bangalore",Resto_356,No,No,4.4,1840,080-9776491,Koramangala,Casual Dining,Salad,"Fast Food, North Indian, Thai",1500,Sample Review Text...,3,Pubs and bars,Bengaluru
"Address_310, Bangalore",Resto_310,Yes,No,3.5,1952,080-3747879,Jayanagar,Pub,Burgers,"Desserts, Italian, Mexican, South Indian, Thai",2000,Sample Review Text...,5,Dine-out,Bengaluru
"Address_234, Bangalore",Resto_234,Yes,Yes,2.6,1814,080-3976712,HSR Layout,Fine Dining,Pizza,"Beverages, Fast Food, Italian",800,Sample Review Text...,3,Dine-out,Bengaluru
"Address_418, Bangalore",Leon Grill,No,No,4.5,546,080-7330379,Whitefield,Cafe,Burgers,"Continental, Desserts, Italian, North Indian, Thai",1200,Sample Review Text...,5,Delivery,Bengaluru
"Address_813, Bangalore",Resto_813,Yes,No,3.6,1923,080-1660659,Whitefield,Fine Dining,Pasta,"Chinese, South Indian",2000,Sample Review Text...,2,Cafes,Bengaluru
"Address_80, Bangalore",Pizza Hut,Yes,No,2.9,1851,080-7450545,Koramangala,Casual Dining,Salad,"Beverages, Chinese, Continental",3000,Sample Review Text...,3,Buffet,Bengaluru
"Address_257, Bangalore",Burger King,Yes,No,3.1,2412,080-2406225,Indiranagar,Bakery,Dosa,"Continental, Desserts",800,Sample Review Text...,2,Buffet,Bengaluru
"Address_295, Bangalore",Burger King,Yes,Yes,3.7,2120,080-6283223,Jayanagar,Quick Service Restaurant,Biryani,Continental,800,Sample Review Text...,1,Pubs and bars,Bengaluru
"Address_349, Bangalore",Resto_349,Yes,Yes,3.5,376,080-3179482,Koramangala,Pub,Steak,"Chinese, Fast Food",400,Sample Review Text...,2,Pubs and bars,Bengaluru
"Address_386, Bangalore",Leon Grill,No,No,2.4,668,080-2288937,Koramangala,Quick Service Restaurant,Burgers,"Mexican, North Indian, Thai",1000,Sample Review Text...,3,Pubs and bars,Bengaluru
"Address_677, Bangalore",Onesta,No,No,3.6,1210,080-6459256,Indiranagar,Cafe,Burgers,Continental,1500,Sample Review Text...,1,Pubs and bars,Bengaluru
"Address_916, Bangalore",Onesta,No,No,3.1,171,080-7250140,Koramangala,Bakery,Sushi,"North Indian, Thai",200,Sample Review Text...,2,Cafes,Bengaluru
"Address_971, Bangalore",Resto_971,No,No,2.2,887,080-6262923,Koramangala,Pub,Sushi,"Chinese, Fast Food, Mexican, South Indian",800,Sample Review Text...,4,Delivery,Bengaluru
"Address_628, Bangalore",Resto_628,No,Yes,2.6,2429,080-3310537,Indiranagar,Casual Dining,Sushi,"Continental, Mexican, North Indian, South Indian",200,Sample Review Text...,4,Drinks & nightlife,Bengaluru
"Address_666, Bangalore",Resto_666,Yes,No,4.9,2359,080-8023372,Marathahalli,Fine Dining,Dosa,"Desserts, South Indian",200,Sample Review Text...,2,Buffet,Bengaluru
"Address_453, Bangalore",Burger King,No,No,3.2,667,080-9609823,Jayanagar,Pub,Pizza,"Desserts, Fast Food",600,Sample Review Text...,2,Pubs and bars,Bengaluru
"Address_999, Bangalore",Burger King,No,No,4.5,566,080-8079391,Marathahalli,Fine Dining,Sushi,"Beverages, Continental, Thai",2500,Sample Review Text...,3,Drinks & nightlife,Bengaluru
"Address_831, Bangalore",McDonald's,Yes,Yes,4.3,2344,080-6258986,unknown,Fine Dining,Pizza,"Beverages, Continental, Desserts, Fast Food, Italian",2000,Sample Review Text...,5,Cafes,Bengaluru
"Address_376, Bangalore",McDonald's,No,No,3.6,1255,080-1793880,Jayanagar,Bar,Pasta,"Desserts, Italian, Thai",1000,Sample Review Text...,3,Drinks & nightlife,Bengaluru
"Address_636, Bangalore",Resto_636,No,Yes,3.3,227,080-8367376,Indiranagar,Quick Service Restaurant,Pizza,"Desserts, Italian, Mexican, South Indian",2500,Sample Review Text...,4,Cafes,Bengaluru
"Address_117, Bangalore",Resto_117,Yes,No,3.4,2790,080-5819172,Jayanagar,Casual Dining,Sushi,"Desserts, Italian, Mexican, South Indian, Thai",800,Sample Review Text...,5,Drinks & nightlife,Bengaluru
"Address_562, Bangalore",Resto_562,Yes,Yes,2.6,475,080-5429825,Koramangala,Fine Dining,Pasta,"Beverages, Fast Food, Thai",400,Sample Review Text...,3,Cafes,Bengaluru
"Address_265, Bangalore",Pizza Hut,No,No,4.2,1391,080-4697401,Marathahalli,Fine Dining,Burgers,"Beverages, Desserts, Fast Food, North Indian",1000,Sample Review Text...,4,Drinks & nightlife,Bengaluru
"Address_449, Bangalore",Leon Grill,No,Yes,3.5,2260,080-5049009,Whitefield,Pub,Dosa,"Beverages, North Indian, South Indian",2500,Sample Review Text...,3,Pubs and bars,Bengaluru
"Address_201, Bangalore",Resto_201,Yes,No,3.5,1357,080-9248001,HSR Layout,Casual Dining,Pizza,"Continental, North Indian, South Indian, Thai",1000,Sample Review Text...,4,Dine-out,Bengaluru
"Address_104, Bangalore",Pizza Hut,Yes,No,2.1,2568,080-2005173,Whitefield,Fine Dining,Pasta,"Desserts, Italian, Mexican",1000,Sample Review Text...,3,Cafes,Bengaluru
"Address_769, Bangalore",Resto_769,No,No,3.5,1725,080-6227870,Marathahalli,Bakery,Burgers,"Continental, North Indian, South Indian",400,Sample Review Text...,3,Pubs and bars,Bengaluru
"Address_832, Bangalore",McDonald's,Yes,No,4.6,2981,080-1990212,Whitefield,Casual Dining,Salad,"Continental, Italian, Mexican, Thai",600,Sample Review Text...,4,Dine-out,Bengaluru
"Address_654, Bangalore",Resto_654,Yes,No,3.1,346,080-4765620,Koramangala,Quick Service Restaurant,Burgers,"Desserts, Fast Food, Italian, Mexican, North Indian",1500,Sample Review Text...,5,Cafes,Bengaluru
"Address_754, Bangalore",Nandhana Palace,No,No,3.9,826,080-8375951,Whitefield,Cafe,Pizza,"Beverages, Continental, Italian, Mexican",1200,Sample Review Text...,4,Cafes,Bengaluru
"Address_377, Bangalore",Resto_377,Yes,Yes,2.8,718,080-8396883,Jayanagar,Cafe,Dosa,"Chinese, North Indian",1200,Sample Review Text...,2,Drinks & nightlife,Bengaluru
"Address_817, Bangalore",Resto_817,No,Yes,2.1,2556,080-5534607,Koramangala,Fine Dining,Steak,"Chinese, Continental, Italian, Mexican, North Indian",1500,Sample Review Text...,5,Drinks & nightlife,Bengaluru
"Address_736, Bangalore",Resto_736,No,No,4.7,2655,080-6189331,Jayanagar,Bar,Burgers,"Desserts, Fast Food, Italian, North Indian, South Indian",400,Sample Review Text...,5,Dine-out,Bengaluru
"Address_112, Bangalore",KFC,Yes,No,3.8,2538,080-6262886,MG Road,Cafe,Steak,"Chinese, North Indian",800,Sample Review Text...,2,Dine-out,Bengaluru
"Address_83, Bangalore",Leon Grill,No,Yes,2.4,1432,080-6510922,Whitefield,Fine Dining,Pasta,"Chinese, Continental, Desserts, South Indian",1500,Sample Review Text...,4,Pubs and bars,Bengaluru
"Address_750, Bangalore",Empire Restaurant,Yes,Yes,3.2,1992,080-9459266,Koramangala,Bar,Sushi,"Beverages, Continental, Fast Food, North Indian, Thai",1500,Sample Review Text...,5,Buffet,Bengaluru
"Address_826, Bangalore",Resto_826,No,No,3.3,1651,080-1410703,Marathahalli,Bar,Pasta,"Beverages, Desserts, South Indian, Thai",1500,Sample Review Text...,4,Drinks & nightlife,Bengaluru
"Address_484, Bangalore",Resto_484,No,Yes,4.8,2002,080-9533123,HSR Layout,Fine Dining,Steak,Desserts,3000,Sample Review Text...,1,Pubs and bars,Bengaluru
"Address_593, Bangalore",Leon Grill,No,Yes,4.8,2783,080-3092879,Koramangala,Quick Service Restaurant,Salad,"Beverages, Continental, North Indian",2500,Sample Review Text...,3,Pubs and bars,Bengaluru
"Address_419, Bangalore",KFC,Yes,No,4,691,080-2968815,Koramangala,Bakery,Biryani,"Continental, Desserts, Mexican, North Indian, South Indian",600,Sample Review Text...,5,Pubs and bars,Bengaluru
"Address_638, Bangalore",Resto_638,No,Yes,4.4,606,080-8457126,Koramangala,Quick Service Restaurant,Biryani,"Chinese, Continental, Mexican, North Indian",1000,Sample Review Text...,4,Drinks & nightlife,Bengaluru
"Address_986, Bangalore",Empire Restaurant,No,Yes,4,941,080-6666017,MG Road,Fine Dining,Pizza,"Beverages, Chinese, Continental, Fast Food, Thai",1000,Sample Review Text...,5,Pubs and bars,Bengaluru
"Address_937, Bangalore",Resto_937,Yes,Yes,4.1,802,080-4785362,HSR Layout,Cafe,Pasta,"Continental, Desserts",200,Sample Review Text...,2,Delivery,Bengaluru
"Address_657, Bangalore",Resto_657,No,Yes,4.2,1211,080-1207016,JP Nagar,Pub,Pizza,"Continental, North Indian, South Indian, Thai",1000,Sample Review Text...,4,Drinks & nightlife,Bengaluru
"Address_686, Bangalore",Empire Restaurant,No,Yes,3.4,446,080-9217672,Whitefield,Quick Service Restaurant,Burgers,"Chinese, Fast Food",2500,Sample Review Text...,2,Delivery,Bengaluru
"Address_862, Bangalore",Nandhana Palace,Yes,Yes,4.1,2478,080-7178852,Koramangala,Bakery,Pizza,"Fast Food, Mexican, North Indian, Thai",1000,Sample Review Text...,4,Cafes,Bengaluru
"Address_941, Bangalore",Nandhana Palace,Yes,Yes,4,463,080-1851580,Marathahalli,Bakery,Pizza,"Chinese, Continental, Fast Food, North Indian, South Indian",600,Sample Review Text...,5,Dine-out,Bengaluru
"Address_956, Bangalore",Resto_956,No,Yes,4.8,2506,080-9799214,Marathahalli,Bar,Biryani,"Chinese, Desserts, Mexican",2500,Sample Review Text...,3,Delivery,Bengaluru
"Address_929, Bangalore",Pizza Hut,Yes,No,4.5,1953,080-1287658,MG Road,Quick Service Restaurant,Burgers,"Desserts, Italian",2000,Sample Review Text...,2,Pubs and bars,Bengaluru
"Address_923, Bangalore",KFC,No,Yes,4.5,2362,080-9854698,HSR Layout,Bakery,Dosa,"Chinese, Continental, Italian, Mexican, North Indian",1500,Sample Review Text...,5,Drinks & nightlife,Bengaluru
"Address_152, Bangalore",Leon Grill,Yes,Yes,3,1746,080-4310554,Marathahalli,Cafe,Salad,"Fast Food, Italian, Mexican, South Indian",200,Sample Review Text...,4,Buffet,Bengaluru
"Address_519, Bangalore",Nandhana Palace,Yes,Yes,3.1,1133,080-2691296,Indiranagar,Quick Service Restaurant,Biryani,Fast Food,800,Sample Review Text...,1,Delivery,Bengaluru
"Address_452, Bangalore",Resto_452,No,No,3.5,254,080-9706452,MG Road,Cafe,Steak,"Chinese, Desserts, Italian, South Indian",2500,Sample Review Text...,4,Drinks & nightlife,Bengaluru
"Address_249, Bangalore",Nandhana Palace,No,No,3.9,2515,080-3452813,Jayanagar,Bar,Salad,"Chinese, Continental, Desserts, Fast Food, South Indian",3000,Sample Review Text...,5,Drinks & nightlife,Bengaluru
"Address_102, Bangalore",Leon Grill,Yes,No,4.5,508,080-9705660,Jayanagar,Quick Service Restaurant,Dosa,"South Indian, Thai",800,Sample Review Text...,2,Delivery,Bengaluru
"Address_897, Bangalore",Nandhana Palace,No,No,3.2,1356,080-1954674,Whitefield,Casual Dining,Steak,"Desserts, South Indian",400,Sample Review Text...,2,Cafes,Bengaluru
"Address_930, Bangalore",KFC,Yes,Yes,3.1,1043,080-5744820,Indiranagar,Quick Service Restaurant,Dosa,"Continental, Desserts, Fast Food, Mexican, North Indian",400,Sample Review Text...,5,Dine-out,Bengaluru
"Address_239, Bangalore",McDonald's,No,No,3.5,2668,080-2098434,HSR Layout,Quick Service Restaurant,Burgers,"Chinese, Continental, Fast Food, Mexican, South Indian",2500,Sample Review Text...,5,Pubs and bars,Bengaluru
"Address_939, Bangalore",Burger King,Yes,Yes,2.6,629,080-9906450,unknown,Casual Dining,Sushi,"Continental, Italian, South Indian, Thai",2500,Sample Review Text...,4,Cafes,Bengaluru
"Address_955, Bangalore",Onesta,No,Yes,3.8,813,080-7794680,HSR Layout,Pub,Sushi,Italian,2000,Sample Review Text...,1,Dine-out,Bengaluru
"Address_108, Bangalore",Resto_108,Yes,No,2.8,1498,080-4265774,MG Road,Quick Service Restaurant,Sushi,Mexican,200,Sample Review Text...,1,Buffet,Bengaluru
"Address_455, Bangalore",Resto_455,No,No,2.1,585,080-9200596,Jayanagar,Bar,Biryani,"Chinese, Continental, Mexican, North Indian, South Indian",600,Sample Review Text...,5,Delivery,Bengaluru
"Address_890, Bangalore",Nandhana Palace,No,No,3.5,1905,080-1679886,MG Road,Fine Dining,Salad,"Chinese, Continental, Mexican, Thai",2500,Sample Review Text...,4,Delivery,Bengaluru
"Address_926, Bangalore",Resto_926,Yes,No,2.4,2966,080-8439215,Indiranagar,Bar,Burgers,"Beverages, Mexican, Thai",2500,Sample Review Text...,3,Pubs and bars,Bengaluru
"Address_18, Bangalore",Pizza Hut,Yes,Yes,4.6,2266,080-5428914,Jayanagar,Quick Service Restaurant,Salad,"Fast Food, Italian, Thai",800,Sample Review Text...,3,Drinks & nightlife,Bengaluru
"Address_619, Bangalore",McDonald's,Yes,Yes,4.1,1730,080-9281506,HSR Layout,Quick Service Restaurant,Steak,"Mexican, South Indian",3000,Sample Review Text...,2,Delivery,Bengaluru
"Address_167, Bangalore",KFC,Yes,Yes,2.4,2990,080-5780177,MG Road,Quick Service Restaurant,Biryani,"Beverages, Italian, South Indian, Thai",400,Sample Review Text...,4,Pubs and bars,Bengaluru
"Address_0, Bangalore",Empire Restaurant,No,Yes,4.1,2771,080-1445199,Indiranagar,Pub,Burgers,"Chinese, Desserts, Fast Food, North Indian",800,Sample Review Text...,4,Pubs and bars,Bengaluru
"Address_556, Bangalore",Nandhana Palace,No,Yes,3.4,1369,080-3186206,Whitefield,Casual Dining,Sushi,North Indian,2500,Sample Review Text...,1,Drinks & nightlife,Bengaluru
"Address_964, Bangalore",Empire Restaurant,Yes,Yes,3.6,2161,080-9868569,Marathahalli,Bar,Pasta,"Continental, Thai",800,Sample Review Text...,2,Cafes,Bengaluru
"Address_332, Bangalore",Resto_332,Yes,Yes,3.8,1488,080-2893930,MG Road,Cafe,Sushi,"Beverages, Desserts, Thai",200,Sample Review Text...,3,Cafes,Bengaluru
"Address_919, Bangalore",Resto_919,No,No,3.2,107,080-2679778,Whitefield,Quick Service Restaurant,Sushi,"Chinese, South Indian",2500,Sample Review Text...,2,Delivery,Bengaluru
"Address_951, Bangalore",Burger King,Yes,Yes,4.3,336,080-7541115,Marathahalli,Bar,Pasta,Mexican,1000,Sample Review Text...,1,Drinks & nightlife,Bengaluru
"Address_953, Bangalore",Pizza Hut,No,Yes,4.1,1508,080-2032303,HSR Layout,Pub,Sushi,"Beverages, Continental, Fast Food, South Indian, Thai",600,Sample Review Text...,5,Delivery,Bengaluru
"Address_849, Bangalore",Empire Restaurant,Yes,Yes,4.5,2907,080-4155287,Whitefield,Fine Dining,Burgers,"Continental, Italian, North Indian, Thai",1000,Sample Review Text...,4,Pubs and bars,Bengaluru
"Address_396, Bangalore",Onesta,No,Yes,3.5,2761,080-2426162,Marathahalli,Fine Dining,Pizza,Mexican,2000,Sample Review Text...,1,Dine-out,Bengaluru
"Address_975, Bangalore",Burger King,Yes,Yes,2.6,1146,080-8533390,Whitefield,Casual Dining,Pasta,"Continental, Desserts, Fast Food, Italian",600,Sample Review Text...,4,Pubs and bars,Bengaluru
"Address_182, Bangalore",Resto_182,Yes,Yes,3.5,910,080-2081661,Jayanagar,Cafe,Burgers,"Chinese, Continental, Mexican, Thai",400,Sample Review Text...,4,Pubs and bars,Bengaluru
"Address_570, Bangalore",Nandhana Palace,No,Yes,3.8,729,080-6059400,MG Road,Pub,Dosa,"Fast Food, Mexican, South Indian",600,Sample Review Text...,3,Drinks & nightlife,Bengaluru
"Address_912, Bangalore",Pizza Hut,Yes,No,3.2,1746,080-2150745,unknown,Fine Dining,Pizza,"Chinese, Thai",1000,Sample Review Text...,2,Dine-out,Bengaluru
"Address_788, Bangalore",Onesta,Yes,No,3.5,1652,080-6220992,MG Road,Bar,Sushi,"Desserts, Fast Food, Mexican, South Indian",1200,Sample Review Text...,4,Dine-out,Bengaluru
"Address_528, Bangalore",Resto_528,Yes,No,4,1959,080-4533501,HSR Layout,Bakery,Burgers,"Mexican, North Indian, Thai",600,Sample Review Text...,3,Pubs and bars,Bengaluru
"Address_552, Bangalore",Burger King,No,No,2.2,1756,080-2929715,HSR Layout,Pub,Dosa,"Beverages, South Indian",800,Sample Review Text...,2,Pubs and bars,Bengaluru
"Address_816, Bangalore",Burger King,Yes,No,2.6,1147,080-8263690,Koramangala,Bakery,Sushi,"Italian, North Indian, South Indian",1000,Sample Review Text...,3,Delivery,Bengaluru
"Address_548, Bangalore",Resto_548,No,Yes,2,1764,080-7890722,Marathahalli,Cafe,Pizza,Beverages,2500,Sample Review Text...,1,Cafes,Bengaluru
"Address_343, Bangalore",Leon Grill,Yes,No,3.8,1174,080-5713926,Marathahalli,Casual Dining,Dosa,"Beverages, Chinese",1000,Sample Review Text...,2,Drinks & nightlife,Bengaluru
"Address_776, Bangalore",Burger King,No,Yes,4.3,1887,080-7914627,Koramangala,Bakery,Biryani,"Fast Food, Italian, North Indian, South Indian",1200,Sample Review Text...,4,Pubs and bars,Bengaluru
"Address_232, Bangalore",Nandhana Palace,Yes,No,3.9,818,080-5951637,Whitefield,Bar,Burgers,"Continental, Fast Food",600,Sample Review Text...,2,Buffet,Bengaluru
"Address_381, Bangalore",Empire Restaurant,No,No,4.5,1514,080-8475525,MG Road,Quick Service Restaurant,Pizza,Continental,1200,Sample Review Text...,1,Dine-out,Bengaluru
"Address_821, Bangalore",Leon Grill,Yes,Yes,3.5,2808,080-9880742,HSR Layout,Cafe,Burgers,Chinese,1500,Sample Review Text...,1,Cafes,Bengaluru
"Address_362, Bangalore",Pizza Hut,No,No,3.5,965,080-4250065,HSR Layout,Casual Dining,Pizza,"Beverages, Chinese, Desserts, Italian, Thai",800,Sample Review Text...,5,Dine-out,Bengaluru
"Address_617, Bangalore",KFC,No,Yes,3.5,1732,080-2848835,Jayanagar,Fine Dining,Burgers,"Chinese, Fast Food, South Indian",2000,Sample Review Text...,3,Delivery,Bengaluru
"Address_317, Bangalore",Resto_317,Yes,Yes,3.5,1036,080-8981122,Koramangala,Bakery,Salad,"Beverages, Continental, Desserts, North Indian",2000,Sample Review Text...,4,Cafes,Bengaluru
"Address_703, Bangalore",Resto_703,No,No,3.5,2966,080-5816345,HSR Layout,Quick Service Restaurant,Pasta,"Continental, South Indian",200,Sample Review Text...,2,Drinks & nightlife,Bengaluru
"Address_756, Bangalore",Nandhana Palace,No,No,2.9,782,080-7375830,HSR Layout,Casual Dining,Steak,"Beverages, Continental, Desserts, North Indian, Thai",2000,Sample Review Text...,5,Cafes,Bengaluru
"Address_340, Bangalore",Onesta,No,No,3.2,30,080-7156735,Marathahalli,Bar,Biryani,"Beverages, Continental",1500,Sample Review Text...,2,Delivery,Bengaluru
"Address_806, Bangalore",Onesta,No,No,3.1,973,080-7042065,Marathahalli,Pub,Burgers,"Beverages, Desserts, Thai",600,Sample Review Text...,3,Dine-out,Bengaluru
"Address_403, Bangalore",KFC,Yes,No,4.6,268,080-8087921,Whitefield,Casual Dining,Steak,"North Indian, South Indian, Thai",200,Sample Review Text...,3,Drinks & nightlife,Bengaluru
"Address_554, Bangalore",Resto_554,Yes,Yes,3.1,2150,080-9554093,Whitefield,Fine Dining,Steak,"Italian, Thai",1500,Sample Review Text...,2,Pubs and bars,Bengaluru
"Address_135, Bangalore",Empire Restaurant,Yes,Yes,3.9,26,080-8650572,MG Road,Cafe,Sushi,"Chinese, South Indian",200,Sample Review Text...,2,Delivery,Bengaluru
"Address_189, Bangalore",Resto_189,Yes,Yes,4.5,297,080-3642476,unknown,Fine Dining,Steak,"Chinese, Fast Food, South Indian, Thai",1200,Sample Review Text...,4,Pubs and bars,Bengaluru
"Address_301, Bangalore",Burger King,No,No,3,2684,080-1752920,Koramangala,Bar,Burgers,"Desserts, South Indian, Thai",3000,Sample Review Text...,3,Dine-out,Bengaluru
"Address_48, Bangalore",Onesta,No,No,3.6,1862,080-1019311,Indiranagar,Quick Service Restaurant,Salad,"Chinese, Mexican, Thai",2500,Sample Review Text...,3,Cafes,Bengaluru
"Address_700, Bangalore",Empire Restaurant,No,No,2.5,2403,080-2031520,JP Nagar,Pub,Pizza,Mexican,1500,Sample Review Text...,1,Dine-out,Bengaluru
"Address_652, Bangalore",KFC,No,No,4.5,1816,080-1905928,Whitefield,Quick Service Restaurant,Sushi,"Continental, Fast Food, Italian, South Indian, Thai",2500,Sample Review Text...,5,Cafes,Bengaluru
"Address_688, Bangalore",Onesta,No,No,2.7,1889,080-1228581,Marathahalli,Pub,Pasta,"Chinese, Fast Food, Mexican, North Indian, Thai",1500,Sample Review Text...,5,Buffet,Bengaluru
"Address_823, Bangalore",KFC,Yes,No,2.7,1616,080-5039461,Whitefield,Pub,Biryani,"Beverages, Continental, Desserts, Italian",1000,Sample Review Text...,4,Pubs and bars,Bengaluru
"Address_851, Bangalore",Leon Grill,No,No,3.7,1524,080-2450315,Marathahalli,Quick Service Restaurant,Dosa,"Desserts, Mexican, South Indian",1200,Sample Review Text...,3,Dine-out,Bengaluru
"Address_748, Bangalore",Nandhana Palace,No,No,4.5,2415,080-5374141,Whitefield,Pub,Dosa,"Beverages, Chinese",2000,Sample Review Text...,2,Pubs and bars,Bengaluru
"Address_957, Bangalore",KFC,Yes,Yes,3,1699,080-7329894,Indiranagar,Pub,Sushi,"Beverages, Fast Food",200,Sample Review Text...,2,Cafes,Bengaluru
"Address_290, Bangalore",Resto_290,No,No,3.5,2143,080-4214793,Indiranagar,Casual Dining,Pizza,"North Indian, South Indian",800,Sample Review Text...,2,Delivery,Bengaluru
"Address_927, Bangalore",Resto_927,No,No,3.9,2712,080-3660952,HSR Layout,Bakery,Biryani,"Continental, Mexican, North Indian, South Indian",200,Sample Review Text...,4,Delivery,Bengaluru
"Address_866, Bangalore",Onesta,No,Yes,3.5,1588,080-2217859,Indiranagar,Cafe,Pasta,"Beverages, South Indian",400,Sample Review Text...,2,Dine-out,Bengaluru
"Address_752, Bangalore",Resto_752,No,Yes,3.7,1859,080-4778731,MG Road,Casual Dining,Sushi,"Beverages, Continental, Fast Food, North Indian",1500,Sample Review Text...,4,Cafes,Bengaluru
"Address_620, Bangalore",KFC,Yes,Yes,3.5,146,080-7787380,Whitefield,Cafe,Steak,Beverages,400,Sample Review Text...,1,Cafes,Bengaluru
"Address_92, Bangalore",Nandhana Palace,No,Yes,3.5,2236,080-2058651,JP Nagar,Bar,Salad,"Desserts, Fast Food",1000,Sample Review Text...,2,Delivery,Bengaluru
"Address_440, Bangalore",Leon Grill,No,Yes,3.3,2079,080-7549342,HSR Layout,Pub,Steak,"Desserts, Fast Food, South Indian",1000,Sample Review Text...,3,Pubs and bars,Bengaluru
"Address_448, Bangalore",Resto_448,No,Yes,3.3,840,080-6611860,Marathahalli,Fine Dining,Steak,"Continental, Italian, Mexican",400,Sample Review Text...,3,Pubs and bars,Bengaluru
"Address_361, Bangalore",Onesta,Yes,Yes,2.8,1844,080-9386722,MG Road,Cafe,Pizza,"Fast Food, North Indian",3000,Sample Review Text...,2,Pubs and bars,Bengaluru
"Address_379, Bangalore",Resto_379,No,No,2.8,2349,080-2960855,Jayanagar,Bar,Dosa,"Beverages, Chinese, Desserts, Italian, Thai",200,Sample Review Text...,5,Delivery,Bengaluru
"Address_466, Bangalore",Pizza Hut,No,No,4.9,1399,080-1160702,HSR Layout,Bakery,Pasta,"Beverages, Fast Food, North Indian, South Indian, Thai",3000,Sample Review Text...,5,Cafes,Bengaluru
"Address_647, Bangalore",Empire Restaurant,No,No,3,243,080-1593277,Jayanagar,Cafe,Sushi,"Beverages, Desserts, Italian, North Indian, Thai",3000,Sample Review Text...,5,Delivery,Bengaluru
"Address_282, Bangalore",Resto_282,Yes,Yes,2.8,512,080-9280890,Marathahalli,Fine Dining,Burgers,Italian,400,Sample Review Text...,1,Drinks & nightlife,Bengaluru
"Address_729, Bangalore",KFC,Yes,No,4.5,717,080-1518244,Marathahalli,Fine Dining,Burgers,"South Indian, Thai",1000,Sample Review Text...,2,Buffet,Bengaluru
"Address_888, Bangalore",Burger King,No,No,2.1,1995,080-3469105,HSR Layout,Bar,Salad,Italian,1500,Sample Review Text...,1,Buffet,Bengaluru
"Address_779, Bangalore",Onesta,Yes,No,4.5,1988,080-6209788,JP Nagar,Quick Service Restaurant,Dosa,"Beverages, Desserts, South Indian, Thai",1000,Sample Review Text...,4,Buffet,Bengaluru
"Address_572, Bangalore",Onesta,Yes,Yes,4.8,1140,080-8110722,Jayanagar,Casual Dining,Salad,"Fast Food, Mexican, South Indian",1200,Sample Review Text...,3,Pubs and bars,Bengaluru
"Address_721, Bangalore",KFC,No,No,4.3,1133,080-7951217,Koramangala,Pub,Pasta,"Beverages, Continental, North Indian, South Indian",1500,Sample Review Text...,4,Drinks & nightlife,Bengaluru
"Address_664, Bangalore",Onesta,No,No,3.7,999,080-8465986,JP Nagar,Cafe,Steak,"Desserts, Italian, Thai",400,Sample Review Text...,3,Drinks & nightlife,Bengaluru
"Address_213, Bangalore",Onesta,Yes,Yes,3.8,1652,080-6405839,MG Road,Bakery,Burgers,"Fast Food, Italian, North Indian, Thai",1200,Sample Review Text...,4,Delivery,Bengaluru
"Address_261, Bangalore",McDonald's,Yes,Yes,3.8,373,080-1633429,Jayanagar,Bakery,Steak,"Beverages, Chinese, Desserts, Mexican, South Indian",1200,Sample Review Text...,5,Cafes,Bengaluru
"Address_86, Bangalore",Pizza Hut,No,Yes,4.7,1804,080-3321942,Marathahalli,Bar,Dosa,"Beverages, Fast Food, Mexican",600,Sample Review Text...,3,Delivery,Bengaluru
"Address_583, Bangalore",Leon Grill,Yes,No,2.4,1191,080-3556871,JP Nagar,Pub,Salad,"Chinese, Italian, Mexican, North Indian",3000,Sample Review Text...,4,Delivery,Bengaluru
"Address_768, Bangalore",Empire Restaurant,No,Yes,4.9,683,080-3550993,JP Nagar,Cafe,Steak,South Indian,3000,Sample Review Text...,1,Dine-out,Bengaluru
"Address_360, Bangalore",Resto_360,Yes,No,2,1994,080-5760225,Indiranagar,Casual Dining,Steak,South Indian,400,Sample Review Text...,1,Pubs and bars,Bengaluru
"Address_161, Bangalore",Resto_161,Yes,No,3.1,309,080-2562657,Indiranagar,Bakery,Salad,"Continental, Desserts, Italian, South Indian, Thai",3000,Sample Review Text...,5,Pubs and bars,Bengaluru
"Address_193, Bangalore",Empire Restaurant,No,Yes,4.8,303,080-9098979,JP Nagar,Cafe,Biryani,"Beverages, Chinese, Fast Food, South Indian",3000,Sample Review Text...,4,Cafes,Bengaluru
"Address_491, Bangalore",Empire Restaurant,No,Yes,2.4,39,080-7767404,Marathahalli,Bar,Dosa,"Italian, Mexican, Thai",1500,Sample Review Text...,3,Drinks & nightlife,Bengaluru
"Address_853, Bangalore",Burger King,Yes,No,4.9,2228,080-3763239,Koramangala,Pub,Burgers,Fast Food,200,Sample Review Text...,1,Pubs and bars,Bengaluru
"Address_578, Bangalore",Pizza Hut,No,Yes,2.5,376,080-2295356,MG Road,Cafe,Salad,"Mexican, North Indian",800,Sample Review Text...,2,Cafes,Bengaluru
"Address_75, Bangalore",Empire Restaurant,Yes,No,2.2,837,080-9344741,Whitefield,Cafe,Steak,"Continental, Fast Food",1200,Sample Review Text...,2,Dine-out,Bengaluru
"Address_915, Bangalore",McDonald's,Yes,No,4.3,1771,080-2122405,Indiranagar,Bar,Burgers,"Chinese, Continental, Italian, Mexican, South Indian",2000,Sample Review Text...,5,Pubs and bars,Bengaluru
"Address_771, Bangalore",Pizza Hut,Yes,No,4.1,2753,080-9795303,Jayanagar,Cafe,Pizza,"Continental, North Indian, South Indian, Thai",400,Sample Review Text...,4,Pubs and bars,Bengaluru
"Address_539, Bangalore",Pizza Hut,Yes,No,3.9,2094,080-5152322,Jayanagar,Bakery,Pizza,"Mexican, Thai",1500,Sample Review Text...,2,Drinks & nightlife,Bengaluru
"Address_347, Bangalore",Resto_347,Yes,Yes,3.8,1768,080-5056679,Whitefield,Quick Service Restaurant,Burgers,"Chinese, Continental, Fast Food",3000,Sample Review Text...,3,Buffet,Bengaluru
"Address_454, Bangalore",Resto_454,No,Yes,4.7,1512,080-3572022,Indiranagar,Pub,Pizza,"Chinese, Continental, Fast Food, Thai",1000,Sample Review Text...,4,Drinks & nightlife,Bengaluru
"Address_822, Bangalore",Onesta,Yes,No,4,250,080-4176691,Marathahalli,Cafe,Pizza,"Beverages, Chinese, Desserts, North Indian, South Indian",600,Sample Review Text...,5,Pubs and bars,Bengaluru
"Address_131, Bangalore",KFC,Yes,No,3.8,161,080-1257256,Indiranagar,Cafe,Burgers,"Beverages, Chinese, Desserts, Italian, South Indian",1000,Sample Review Text...,5,Dine-out,Bengaluru
"Address_178, Bangalore",Resto_178,Yes,Yes,3.5,2870,080-7616116,JP Nagar,Bakery,Pizza,Fast Food,400,Sample Review Text...,1,Buffet,Bengaluru
"Address_668, Bangalore",KFC,No,Yes,4.4,1378,080-7859779,Indiranagar,Fine Dining,Salad,Chinese,1200,Sample Review Text...,1,Pubs and bars,Bengaluru
"Address_504, Bangalore",McDonald's,Yes,No,2.6,2695,080-9381494,Whitefield,Fine Dining,Pizza,"Chinese, Desserts, Italian, North Indian, Thai",1000,Sample Review Text...,5,Pubs and bars,Bengaluru
"Address_787, Bangalore",Resto_787,No,Yes,2.2,260,080-4008839,MG Road,Fine Dining,Pasta,"Fast Food, Italian",3000,Sample Review Text...,2,Delivery,Bengaluru
"Address_818, Bangalore",Resto_818,No,No,2.4,1418,080-8547636,Whitefield,Pub,Pizza,"Continental, Desserts",1000,Sample Review Text...,2,Pubs and bars,Bengaluru
"Address_231, Bangalore",Pizza Hut,No,Yes,3.9,728,080-8004117,JP Nagar,Fine Dining,Dosa,Thai,2500,Sample Review Text...,1,Cafes,Bengaluru
"Address_405, Bangalore",McDonald's,Yes,No,3.3,2035,080-4789737,Indiranagar,Bar,Pizza,"Beverages, Continental, Italian, North Indian, South Indian",3000,Sample Review Text...,5,Pubs and bars,Bengaluru
"Address_604, Bangalore",Resto_604,Yes,Yes,2.3,888,080-9079485,Koramangala,Quick Service Restaurant,Burgers,"Chinese, Italian",600,Sample Review Text...,2,Delivery,Bengaluru
"Address_984, Bangalore",Leon Grill,Yes,No,2.5,1611,080-3522295,JP Nagar,Casual Dining,Pizza,"Beverages, Chinese, Desserts",1000,Sample Review Text...,3,Buffet,Bengaluru
"Address_25, Bangalore",Leon Grill,Yes,No,3.1,712,080-6406444,Whitefield,Bakery,Salad,"Beverages, Chinese, Continental, Italian, North Indian",3000,Sample Review Text...,5,Cafes,Bengaluru
"Address_658, Bangalore",McDonald's,No,Yes,2.1,36,080-2334575,Marathahalli,Casual Dining,Dosa,"Beverages, Desserts, Italian",1500,Sample Review Text...,3,Buffet,Bengaluru
"Address_970, Bangalore",Burger King,Yes,Yes,3.6,1778,080-5463386,JP Nagar,Casual Dining,Pizza,"Continental, Desserts, Mexican, South Indian, Thai",600,Sample Review Text...,5,Buffet,Bengaluru
"Address_526, Bangalore",KFC,Yes,No,2.9,1557,080-7512001,Koramangala,Quick Service Restaurant,Steak,Fast Food,2500,Sample Review Text...,1,Drinks & nightlife,Bengaluru
"Address_558, Bangalore",Nandhana Palace,Yes,No,3.4,827,080-6827390,Jayanagar,Casual Dining,Sushi,"Italian, Mexican",2500,Sample Review Text...,2,Cafes,Bengaluru
"Address_173, Bangalore",Pizza Hut,Yes,No,3.7,315,080-5280137,Marathahalli,Bakery,Pizza,"Continental, Desserts, Mexican, North Indian, Thai",600,Sample Review Text...,5,Buffet,Bengaluru
"Address_587, Bangalore",Resto_587,No,Yes,4.5,2740,080-2817783,Indiranagar,Quick Service Restaurant,Steak,"Beverages, Desserts, Fast Food, North Indian",400,Sample Review Text...,4,Cafes,Bengaluru
"Address_437, Bangalore",KFC,Yes,No,2.4,1728,080-8541631,Koramangala,Casual Dining,Burgers,"Desserts, South Indian",2000,Sample Review Text...,2,Dine-out,Bengaluru
"Address_331, Bangalore",Resto_331,No,No,4.4,2920,080-6207508,Indiranagar,Bar,Salad,"Chinese, Fast Food, Mexican, South Indian",2000,Sample Review Text...,4,Cafes,Bengaluru
"Address_430, Bangalore",Pizza Hut,Yes,Yes,4.3,1270,080-8473283,Jayanagar,Quick Service Restaurant,Steak,Thai,2500,Sample Review Text...,1,Cafes,Bengaluru
"Address_342, Bangalore",Empire Restaurant,No,No,3.4,1357,080-5369510,MG Road,Quick Service Restaurant,Biryani,"Continental, North Indian, South Indian",3000,Sample Review Text...,3,Pubs and bars,Bengaluru
"Address_300, Bangalore",Resto_300,No,Yes,3.4,811,080-6425946,Marathahalli,Bakery,Pizza,"Beverages, Chinese, Fast Food, Italian, North Indian",1000,Sample Review Text...,5,Delivery,Bengaluru
"Address_7, Bangalore",Onesta,Yes,No,4.2,2079,080-9897858,Indiranagar,Bar,Biryani,"Beverages, Italian, South Indian",1200,Sample Review Text...,3,Buffet,Bengaluru
"Address_64, Bangalore",Pizza Hut,Yes,No,3.3,967,080-3049499,JP Nagar,Casual Dining,Salad,"Beverages, North Indian, Thai",1500,Sample Review Text...,3,Delivery,Bengaluru
"Address_479, Bangalore",McDonald's,No,No,2.3,172,080-4575870,Marathahalli,Cafe,Burgers,Italian,800,Sample Review Text...,1,Cafes,Bengaluru
"Address_727, Bangalore",Leon Grill,No,No,3.5,1368,080-8017399,Marathahalli,Fine Dining,Steak,"Chinese, Mexican",3000,Sample Review Text...,2,Dine-out,Bengaluru
"Address_481, Bangalore",Resto_481,No,Yes,2.6,1163,080-3954088,Jayanagar,Cafe,Dosa,"Italian, South Indian, Thai",600,Sample Review Text...,3,Delivery,Bengaluru
"Address_978, Bangalore",Resto_978,Yes,Yes,3.5,669,080-9611651,Koramangala,Bakery,Sushi,Italian,1500,Sample Review Text...,1,Dine-out,Bengaluru
"Address_323, Bangalore",Resto_323,No,No,2.9,2075,080-1488508,JP Nagar,Bar,Pasta,Chinese,1200,Sample Review Text...,1,Dine-out,Bengaluru
"Address_904, Bangalore",Resto_904,No,Yes,2.2,1362,080-6075879,JP Nagar,Pub,Burgers,"Desserts, Mexican",1500,Sample Review Text...,2,Cafes,Bengaluru
"Address_444, Bangalore",Nandhana Palace,Yes,Yes,2.3,841,080-7102492,JP Nagar,Cafe,Sushi,"Beverages, Desserts, Fast Food",400,Sample Review Text...,3,Dine-out,Bengaluru
"Address_200, Bangalore",Empire Restaurant,No,Yes,2.4,2408,080-8936405,Indiranagar,Casual Dining,Biryani,"Chinese, Continental, Italian, South Indian, Thai",1500,Sample Review Text...,5,Dine-out,Bengaluru
"Address_928, Bangalore",Pizza Hut,Yes,No,3.5,1176,080-9885085,Jayanagar,Quick Service Restaurant,Pizza,"Mexican, North Indian, South Indian",2000,Sample Review Text...,3,Buffet,Bengaluru
"Address_683, Bangalore",Pizza Hut,Yes,Yes,3.5,2957,080-2603174,MG Road,Casual Dining,Steak,Beverages,3000,Sample Review Text...,1,Dine-out,Bengaluru
"Address_868, Bangalore",Burger King,Yes,Yes,2.8,307,080-3442155,MG Road,Pub,Biryani,Mexican,400,Sample Review Text...,1,Drinks & nightlife,Bengaluru
"Address_275, Bangalore",Resto_275,Yes,No,2.8,1095,080-1387572,MG Road,Quick Service Restaurant,Pasta,"Beverages, Desserts, Italian, Thai",600,Sample Review Text...,4,Pubs and bars,Bengaluru
"Address_303, Bangalore",KFC,Yes,No,3.8,578,080-5551347,Koramangala,Bakery,Biryani,"Beverages, Chinese, Continental, Fast Food, North Indian",1000,Sample Review Text...,5,Cafes,Bengaluru
"Address_324, Bangalore",Resto_324,No,No,4.3,2644,080-7944979,Jayanagar,Bakery,Biryani,"Beverages, Desserts",1000,Sample Review Text...,2,Buffet,Bengaluru
"Address_766, Bangalore",Resto_766,No,No,3.5,1496,080-8674459,MG Road,Fine Dining,Pizza,Beverages,600,Sample Review Text...,1,Delivery,Bengaluru
"Address_468, Bangalore",KFC,No,Yes,2.1,1151,080-4710242,JP Nagar,Cafe,Burgers,Fast Food,1000,Sample Review Text...,1,Cafes,Bengaluru
"Address_561, Bangalore",Pizza Hut,No,Yes,2.8,487,080-3485367,Jayanagar,Cafe,Dosa,Beverages,800,Sample Review Text...,1,Dine-out,Bengaluru
"Address_493, Bangalore",Onesta,No,Yes,4,727,080-4909752,Koramangala,Bar,Dosa,"Beverages, Chinese, Desserts, North Indian, South Indian",1500,Sample Review Text...,5,Pubs and bars,Bengaluru
"Address_575, Bangalore",Empire Restaurant,Yes,Yes,4,1546,080-3653705,Koramangala,Fine Dining,Biryani,"Chinese, Fast Food, North Indian, Thai",3000,Sample Review Text...,4,Dine-out,Bengaluru
"Address_778, Bangalore",McDonald's,No,No,2.5,2047,080-2699501,Indiranagar,Quick Service Restaurant,Pizza,"Beverages, Fast Food, Italian",1200,Sample Review Text...,3,Pubs and bars,Bengaluru
"Address_34, Bangalore",Resto_34,Yes,Yes,2.6,83,080-8801975,Jayanagar,Cafe,Dosa,"Chinese, Desserts",3000,Sample Review Text...,2,Drinks & nightlife,Bengaluru
"Address_267, Bangalore",Resto_267,Yes,No,2.6,1022,080-9265544,JP Nagar,Cafe,Biryani,Chinese,400,Sample Review Text...,1,Buffet,Bengaluru
"Address_669, Bangalore",Pizza Hut,No,Yes,4.1,2414,080-8608923,Indiranagar,Cafe,Steak,Fast Food,3000,Sample Review Text...,1,Drinks & nightlife,Bengaluru
"Address_431, Bangalore",Resto_431,No,Yes,4.4,2514,080-3601637,Jayanagar,Bakery,Salad,"Chinese, Italian, North Indian, Thai",800,Sample Review Text...,4,Buffet,Bengaluru
"Address_880, Bangalore",Resto_880,No,Yes,4.6,1554,080-7031754,Marathahalli,Casual Dining,Steak,"Chinese, Desserts, Italian, North Indian, Thai",1500,Sample Review Text...,5,Delivery,Bengaluru
"Address_61, Bangalore",Leon Grill,Yes,No,4.3,1498,080-5398338,Indiranagar,Bar,Steak,"Chinese, Continental, Italian, North Indian",1200,Sample Review Text...,4,Pubs and bars,Bengaluru
"Address_476, Bangalore",Empire Restaurant,No,No,2.3,50,080-8063325,Indiranagar,Pub,Salad,"Fast Food, South Indian",2500,Sample Review Text...,2,Pubs and bars,Bengaluru
"Address_15, Bangalore",Nandhana Palace,Yes,Yes,4,963,080-6307805,MG Road,Casual Dining,Dosa,"Chinese, Fast Food, Italian, North Indian, Thai",3000,Sample Review Text...,5,Dine-out,Bengaluru
"Address_694, Bangalore",Resto_694,Yes,No,2.9,213,080-5039498,Jayanagar,Pub,Steak,"Desserts, Mexican, South Indian, Thai",2500,Sample Review Text...,4,Cafes,Bengaluru
"Address_254, Bangalore",Resto_254,Yes,No,3.5,1660,080-9081054,Koramangala,Fine Dining,Pasta,"Chinese, Desserts, Italian",3000,Sample Review Text...,3,Dine-out,Bengaluru
"Address_126, Bangalore",Leon Grill,No,Yes,3.6,2166,080-8115687,Jayanagar,Fine Dining,Steak,"Fast Food, North Indian",1000,Sample Review Text...,2,Dine-out,Bengaluru
"Address_631, Bangalore",Onesta,Yes,No,4.4,393,080-8054914,Jayanagar,Pub,Steak,"Beverages, Fast Food, Italian, Thai",1200,Sample Review Text...,4,Cafes,Bengaluru
"Address_936, Bangalore",Nandhana Palace,Yes,Yes,2.8,1749,080-1358384,unknown,Quick Service Restaurant,Dosa,"Beverages, North Indian, South Indian, Thai",400,Sample Review Text...,4,Dine-out,Bengaluru
"Address_597, Bangalore",Burger King,Yes,No,3.5,1096,080-7281485,Whitefield,Quick Service Restaurant,Sushi,"Beverages, Italian, Mexican, North Indian",200,Sample Review Text...,4,Drinks & nightlife,Bengaluru
"Address_872, Bangalore",Leon Grill,Yes,No,2.6,2594,080-8702071,JP Nagar,Cafe,Sushi,"Beverages, Italian, Mexican, Thai",1000,Sample Review Text...,4,Dine-out,Bengaluru
"Address_775, Bangalore",Burger King,No,Yes,4.4,1998,080-2970875,MG Road,Pub,Burgers,"Chinese, Continental, Mexican, North Indian, Thai",400,Sample Review Text...,5,Drinks & nightlife,Bengaluru
"Address_67, Bangalore",Nandhana Palace,Yes,No,3,2431,080-9035982,Indiranagar,Bakery,Steak,"Continental, Fast Food, Italian, North Indian, Thai",200,Sample Review Text...,5,Cafes,Bengaluru
"Address_707, Bangalore",McDonald's,Yes,Yes,2.9,1912,080-8297560,Jayanagar,Bar,Steak,Desserts,3000,Sample Review Text...,1,Cafes,Bengaluru
"Address_40, Bangalore",McDonald's,No,No,2.7,2954,080-9123504,HSR Layout,Quick Service Restaurant,Dosa,Beverages,600,Sample Review Text...,1,Pubs and bars,Bengaluru
"Address_221, Bangalore",Leon Grill,No,No,4.8,1098,080-5560602,Indiranagar,Quick Service Restaurant,Steak,"Chinese, Mexican, South Indian",1500,Sample Review Text...,3,Pubs and bars,Bengaluru
"Address_333, Bangalore",Leon Grill,No,No,2.4,421,080-6068701,MG Road,Bar,Salad,Thai,2500,Sample Review Text...,1,Cafes,Bengaluru
"Address_954, Bangalore",Resto_954,Yes,No,4.7,855,080-2714223,JP Nagar,Cafe,Pizza,"Beverages, Chinese, Continental, Italian, Thai",800,Sample Review Text...,5,Delivery,Bengaluru
"Address_738, Bangalore",Nandhana Palace,Yes,No,2.7,1048,080-5458768,Jayanagar,Fine Dining,Dosa,"Desserts, Italian",600,Sample Review Text...,2,Delivery,Bengaluru
"Address_820, Bangalore",McDonald's,Yes,Yes,4.8,1887,080-3327250,JP Nagar,Bar,Burgers,Fast Food,400,Sample Review Text...,1,Pubs and bars,Bengaluru
"Address_202, Bangalore",Resto_202,No,No,3.2,2644,080-1942977,Indiranagar,Cafe,Pasta,"Beverages, Desserts, Italian, Mexican",2500,Sample Review Text...,4,Delivery,Bengaluru
"Address_653, Bangalore",Onesta,No,Yes,2.4,2133,080-8386629,HSR Layout,Quick Service Restaurant,Salad,"Beverages, Chinese, Desserts, Italian, Thai",200,Sample Review Text...,5,Delivery,Bengaluru
"Address_88, Bangalore",Resto_88,No,Yes,2.2,919,080-5813037,Koramangala,Quick Service Restaurant,Salad,Thai,600,Sample Review Text...,1,Pubs and bars,Bengaluru
"Address_819, Bangalore",Nandhana Palace,Yes,Yes,2.3,304,080-2466111,Jayanagar,Quick Service Restaurant,Pizza,South Indian,3000,Sample Review Text...,1,Delivery,Bengaluru
"Address_375, Bangalore",Leon Grill,No,No,4.1,87,080-9717785,Whitefield,Cafe,Sushi,North Indian,800,Sample Review Text...,1,Cafes,Bengaluru
"Address_672, Bangalore",Resto_672,Yes,Yes,2.1,2211,080-8462919,HSR Layout,Casual Dining,Pasta,"Italian, North Indian, South Indian, Thai",3000,Sample Review Text...,4,Cafes,Bengaluru
"Address_264, Bangalore",Pizza Hut,Yes,Yes,3.2,19,080-2963085,Whitefield,Cafe,Dosa,"Beverages, Chinese, Continental, Fast Food",1000,Sample Review Text...,4,Buffet,Bengaluru
"Address_285, Bangalore",Empire Restaurant,Yes,No,2.9,1476,080-3807840,Koramangala,Bar,Dosa,"Chinese, Italian",1500,Sample Review Text...,2,Buffet,Bengaluru
"Address_464, Bangalore",Resto_464,No,No,2.5,246,080-9561890,Marathahalli,Quick Service Restaurant,Dosa,"Beverages, Continental, Desserts, Mexican, Thai",800,Sample Review Text...,5,Delivery,Bengaluru
"Address_935, Bangalore",Resto_935,Yes,Yes,3.5,1025,080-9213276,HSR Layout,Casual Dining,Burgers,"Beverages, Continental, South Indian, Thai",200,Sample Review Text...,4,Cafes,Bengaluru
"Address_675, Bangalore",Resto_675,No,Yes,2.8,620,080-2488335,Marathahalli,Bar,Burgers,"Continental, Desserts",600,Sample Review Text...,2,Delivery,Bengaluru
"Address_828, Bangalore",Leon Grill,No,No,3.4,2964,080-6423780,Marathahalli,Bakery,Salad,"Desserts, Fast Food, North Indian, South Indian",400,Sample Review Text...,4,Buffet,Bengaluru
"Address_436, Bangalore",Resto_436,Yes,Yes,3.5,65,080-5056398,HSR Layout,Bar,Steak,Italian,2000,Sample Review Text...,1,Pubs and bars,Bengaluru
"Address_933, Bangalore",Onesta,Yes,No,2,312,080-7918250,Indiranagar,Pub,Pizza,"Italian, Mexican",200,Sample Review Text...,2,Delivery,Bengaluru
"Address_119, Bangalore",Onesta,Yes,No,4.3,1354,080-4240708,Jayanagar,Fine Dining,Pasta,"Continental, North Indian, South Indian, Thai",1200,Sample Review Text...,4,Buffet,Bengaluru
"Address_397, Bangalore",Resto_397,Yes,Yes,3.5,815,080-5579723,JP Nagar,Cafe,Steak,"Chinese, Desserts, Fast Food, Italian, Mexican",2000,Sample Review Text...,5,Drinks & nightlife,Bengaluru
"Address_942, Bangalore",Nandhana Palace,No,Yes,3,557,080-2499599,Jayanagar,Casual Dining,Pasta,"Desserts, Italian, Mexican, South Indian",800,Sample Review Text...,4,Buffet,Bengaluru
"Address_786, Bangalore",Leon Grill,No,Yes,2.9,2855,080-6275739,Whitefield,Quick Service Restaurant,Biryani,"Beverages, Fast Food",1500,Sample Review Text...,2,Buffet,Bengaluru
"Address_507, Bangalore",Resto_507,Yes,No,2.6,1539,080-8444490,HSR Layout,Fine Dining,Sushi,Italian,3000,Sample Review Text...,1,Dine-out,Bengaluru
"Address_632, Bangalore",Resto_632,Yes,No,3.5,575,080-5921482,Whitefield,Bar,Biryani,"Beverages, Fast Food",1200,Sample Review Text...,2,Cafes,Bengaluru
"Address_374, Bangalore",Resto_374,Yes,No,2.2,674,080-1380679,Whitefield,Casual Dining,Dosa,"Desserts, South Indian",800,Sample Review Text...,2,Cafes,Bengaluru
"Address_635, Bangalore",Leon Grill,No,No,4.7,1986,080-3030620,HSR Layout,Casual Dining,Pizza,North Indian,600,Sample Review Text...,1,Dine-out,Bengaluru
"Address_762, Bangalore",KFC,Yes,Yes,4.3,584,080-2765436,HSR Layout,Fine Dining,Burgers,Chinese,1500,Sample Review Text...,1,Dine-out,Bengaluru
"Address_72, Bangalore",Resto_72,No,Yes,3.7,1757,080-6889195,Koramangala,Pub,Biryani,"Continental, North Indian, South Indian",1000,Sample Review Text...,3,Dine-out,Bengaluru
"Address_62, Bangalore",Nandhana Palace,Yes,No,3.5,2299,080-2957497,JP Nagar,Pub,Pasta,"Chinese, Desserts",1000,Sample Review Text...,2,Delivery,Bengaluru
"Address_717, Bangalore",Resto_717,No,Yes,3.4,1503,080-1394773,Koramangala,Pub,Dosa,"Continental, Mexican, Thai",1000,Sample Review Text...,3,Dine-out,Bengaluru
"Address_326, Bangalore",Resto_326,No,No,2.8,355,080-2882928,Marathahalli,Cafe,Sushi,"Continental, Desserts, Italian",2500,Sample Review Text...,3,Delivery,Bengaluru
"Address_172, Bangalore",Leon Grill,Yes,Yes,4,671,080-2980663,Marathahalli,Quick Service Restaurant,Biryani,"Beverages, Chinese, Continental, Desserts, South Indian",1000,Sample Review Text...,5,Drinks & nightlife,Bengaluru
"Address_979, Bangalore",McDonald's,No,Yes,3.3,2735,080-3363089,Whitefield,Quick Service Restaurant,Steak,"Fast Food, North Indian, South Indian",3000,Sample Review Text...,3,Drinks & nightlife,Bengaluru
"Address_283, Bangalore",Onesta,No,No,2.1,328,080-5195637,Jayanagar,Casual Dining,Steak,"Chinese, Desserts, Mexican",600,Sample Review Text...,3,Delivery,Bengaluru
"Address_712, Bangalore",Burger King,No,Yes,3.9,2402,080-7680364,Koramangala,Cafe,Pizza,"Fast Food, Italian, Mexican, South Indian, Thai",2500,Sample Review Text...,5,Pubs and bars,Bengaluru
"Address_274, Bangalore",Resto_274,No,No,3.1,1173,080-7790959,Marathahalli,Fine Dining,Pizza,"South Indian, Thai",1500,Sample Review Text...,2,Delivery,Bengaluru
"Address_425, Bangalore",McDonald's,No,Yes,4.7,2607,080-8889444,Marathahalli,Casual Dining,Dosa,"North Indian, South Indian",800,Sample Review Text...,2,Dine-out,Bengaluru
"Address_898, Bangalore",Leon Grill,No,No,3,1517,080-7800102,Indiranagar,Quick Service Restaurant,Steak,"Desserts, Fast Food",1500,Sample Review Text...,2,Dine-out,Bengaluru
"Address_946, Bangalore",Burger King,No,Yes,3.5,200,080-9655209,Koramangala,Fine Dining,Dosa,"Italian, Mexican, Thai",1200,Sample Review Text...,3,Buffet,Bengaluru
"Address_82, Bangalore",Onesta,Yes,No,2.8,1674,080-5767195,JP Nagar,Fine Dining,Dosa,"Chinese, Fast Food, North Indian, South Indian, Thai",2500,Sample Review Text...,5,Pubs and bars,Bengaluru
"Address_280, Bangalore",Burger King,No,Yes,4.1,1596,080-5561139,MG Road,Cafe,Dosa,"Chinese, Italian, Mexican",2500,Sample Review Text...,3,Pubs and bars,Bengaluru
"Address_943, Bangalore",Burger King,Yes,No,4,1383,080-1509145,Koramangala,Casual Dining,Pizza,North Indian,200,Sample Review Text...,1,Drinks & nightlife,Bengaluru
"Address_661, Bangalore",Resto_661,No,Yes,2.7,1334,080-7044611,JP Nagar,Bar,Sushi,"Chinese, Continental, Fast Food, Mexican",200,Sample Review Text...,4,Cafes,Bengaluru
"Address_726, Bangalore",KFC,No,No,3.1,432,080-5803038,JP Nagar,Pub,Salad,"Beverages, Desserts, Fast Food, Italian, Mexican",2000,Sample Review Text...,5,Dine-out,Bengaluru
"Address_613, Bangalore",Resto_613,No,Yes,4.5,1063,080-7367900,Koramangala,Casual Dining,Dosa,Continental,400,Sample Review Text...,1,Pubs and bars,Bengaluru
"Address_153, Bangalore",Empire Restaurant,Yes,Yes,4,256,080-9212178,Indiranagar,Bar,Sushi,"Beverages, Chinese, Italian, South Indian, Thai",400,Sample Review Text...,5,Buffet,Bengaluru
"Address_269, Bangalore",Onesta,Yes,No,4,715,080-2690268,Marathahalli,Casual Dining,Sushi,"Beverages, Desserts, Fast Food, North Indian, Thai",800,Sample Review Text...,5,Drinks & nightlife,Bengaluru
"Address_855, Bangalore",KFC,Yes,Yes,4.7,2846,080-1521728,Whitefield,Cafe,Dosa,"Chinese, Continental, Italian, Mexican",1000,Sample Review Text...,4,Delivery,Bengaluru
"Address_423, Bangalore",Burger King,No,No,2.4,2291,080-6690441,Koramangala,Pub,Salad,"Continental, South Indian",2500,Sample Review Text...,2,Dine-out,Bengaluru
"Address_595, Bangalore",Resto_595,No,No,4.7,406,080-7900127,Indiranagar,Bar,Pizza,Chinese,200,Sample Review Text...,1,Cafes,Bengaluru
"Address_701, Bangalore",Leon Grill,No,Yes,2.1,2492,080-6728622,HSR Layout,Fine Dining,Salad,"Beverages, Fast Food, Mexican, North Indian, South Indian",2500,Sample Review Text...,5,Buffet,Bengaluru
"Address_839, Bangalore",Resto_839,No,No,3.6,366,080-1406431,HSR Layout,Bakery,Biryani,"Chinese, Continental",1000,Sample Review Text...,2,Pubs and bars,Bengaluru
"Address_500, Bangalore",Nandhana Palace,Yes,No,4.2,689,080-3985341,Indiranagar,Fine Dining,Burgers,Continental,600,Sample Review Text...,1,Pubs and bars,Bengaluru
"Address_611, Bangalore",Resto_611,No,Yes,3.2,1232,080-7598940,Whitefield,Quick Service Restaurant,Dosa,"Chinese, Mexican, Thai",2000,Sample Review Text...,3,Pubs and bars,Bengaluru
"Address_141, Bangalore",Leon Grill,Yes,No,3.5,1790,080-7655572,HSR Layout,Bar,Sushi,Thai,3000,Sample Review Text...,1,Delivery,Bengaluru
"Address_557, Bangalore",McDonald's,No,Yes,2.6,1573,080-4194945,Indiranagar,Casual Dining,Burgers,"Chinese, Fast Food",200,Sample Review Text...,2,Pubs and bars,Bengaluru
"Address_887, Bangalore",Burger King,No,No,3.7,1659,080-7165648,Whitefield,Pub,Dosa,"Beverages, Chinese, Desserts, South Indian",200,Sample Review Text...,4,Delivery,Bengaluru
"Address_406, Bangalore",Nandhana Palace,No,No,3.5,2175,080-6031638,Marathahalli,Bakery,Steak,"Chinese, Thai",1000,Sample Review Text...,2,Pubs and bars,Bengaluru
"Address_218, Bangalore",Nandhana Palace,No,Yes,3.4,2494,080-1661118,HSR Layout,Bar,Salad,"Beverages, Italian, Thai",1500,Sample Review Text...,3,Dine-out,Bengaluru
"Address_645, Bangalore",Leon Grill,Yes,No,3.1,290,080-6551912,Indiranagar,Cafe,Biryani,"Beverages, Chinese, Continental, Desserts, Italian",200,Sample Review Text...,5,Dine-out,Bengaluru
"Address_209, Bangalore",KFC,No,Yes,3.9,1948,080-3146546,JP Nagar,Pub,Dosa,"Beverages, Fast Food, South Indian",1000,Sample Review Text...,3,Pubs and bars,Bengaluru
"Address_844, Bangalore",Pizza Hut,Yes,No,2.2,2564,080-4035319,HSR Layout,Pub,Sushi,"Beverages, Italian, North Indian",1000,Sample Review Text...,3,Dine-out,Bengaluru
"Address_392, Bangalore",Resto_392,Yes,Yes,4.7,2374,080-2662717,JP Nagar,Quick Service Restaurant,Biryani,"Beverages, Italian",2500,Sample Review Text...,2,Buffet,Bengaluru
"Address_550, Bangalore",KFC,Yes,Yes,2.4,1724,080-9205196,JP Nagar,Casual Dining,Salad,"Desserts, Italian",1000,Sample Review Text...,2,Pubs and bars,Bengaluru
"Address_459, Bangalore",Burger King,Yes,No,2.1,1790,080-2527147,Jayanagar,Bakery,Pizza,Beverages,1200,Sample Review Text...,1,Delivery,Bengaluru
"Address_948, Bangalore",Onesta,Yes,No,3.2,2515,080-5493117,Marathahalli,Pub,Biryani,"Beverages, North Indian, South Indian",600,Sample Review Text...,3,Delivery,Bengaluru
"Address_226, Bangalore",Nandhana Palace,No,Yes,3.3,1396,080-8937865,JP Nagar,Bar,Sushi,Italian,2000,Sample Review Text...,1,Pubs and bars,Bengaluru
"Address_532, Bangalore",Burger King,Yes,No,2.3,1624,080-8467845,Marathahalli,Quick Service Restaurant,Sushi,"Beverages, Chinese, Italian, Mexican, South Indian",1500,Sample Review Text...,5,Delivery,Bengaluru
"Address_142, Bangalore",Onesta,No,Yes,4.7,1768,080-3587398,Jayanagar,Fine Dining,Steak,"Beverages, Chinese, Continental, Fast Food, Mexican",400,Sample Review Text...,5,Pubs and bars,Bengaluru
